,id,name,wgslng,wgslat,adname,cost,rating,type,bdlat,bdlng,WMlat,WMlng
0,B0FFFOKWUJ,汉庭酒店(上海桂林路店),121.40928500000001,31.182954,徐汇区,[],4.5,住宿服务;宾馆酒店;经济型连锁酒店,31.18687511547172,121.42043530697504,13515219.783775266,3656532.067022929
1,B00155R3R6,全季酒店(上海徐家汇宜山路店),121.414429,31.177327000000002,徐汇区,[],4.6,住宿服务;宾馆酒店;经济型连锁酒店,31.18134067023126,121.42555294068187,13515792.411235904,3655799.907194717
2,B0FFFR0HDJ,格林豪泰酒店(上海虹桥路地铁站店),121.41534399999999,31.194619,长宁区,[],4.1,住宿服务;宾馆酒店;经济型连锁酒店,31.198405267589255,121.42652981940006,13515894.26856998,3658050.0027781627
3,B0FFHB909H,汉庭酒店(上海大华虎城酒店),121.406921,31.279526,宝山区,[],4.3,住宿服务;宾馆酒店;经济型连锁酒店,31.283910470736924,121.41797251121547,13514956.62449903,3669104.3724329113
4,B0FFI8NGW4,跟塞公寓,121.476729,31.280556,虹口区,[],3.0,住宿服务;宾馆酒店;经济型连锁酒店,31.284820936711967,121.4876818564458,13522727.615512326,3669238.5331423325
5,B00155QR3H,99旅馆连锁(上海江湾镇地铁站店),121.472029,31.301327,虹口区,[],3.5,住宿服务;宾馆酒店;经济型连锁酒店,31.305236759862325,121.48309826550773,13522204.4139056,3671944.333432271
6,B0FFGPU9W9,易佰旅店(上海虹口区车站北路店),121.470378,31.299218,虹口区,[],3.4,住宿服务;宾馆酒店;经济型连锁酒店,31.303167829651354,121.48144348060794,13522020.625426298,3671669.5706505147
7,B0HAS1B5SN,858电竞酒店式公寓(江湾五角场店),121.467832,31.312015000000002,虹口区,[],4.0,住宿服务;宾馆酒店;经济型连锁酒店,31.315795994805054,121.47895361424312,13521737.206002738,3673336.8721000296
8,B0FFJDOOE3,上海碧云天公寓虹湾路店,121.469554,31.313726000000003,虹口区,[],[],住宿服务;宾馆酒店;经济型连锁酒店,31.317488250559066,121.48067391517645,13521928.898165885,3673559.812824949
9,B0HU4KIXPH,汉庭酒店(上海殷高西路地铁站店),121.47073400000001,31.322543,宝山区,[],5.0,住宿服务;宾馆酒店;经济型连锁酒店,31.32627271395108,121.48185908804365,13522060.25516502,3674708.7188727516
10,B0FFKMNOA6,格林豪泰酒店(殷高西路地铁站店),121.47072800000001,31.322601000000002,宝山区,[],[],住宿服务;宾馆酒店;经济型连锁酒店,31.32633079091227,121.48185310385924,13522059.587248076,3674716.276964071
11,B0FFF01QPV,汉庭酒店(上海制造局路店),121.47996,31.204934,黄浦区,[],4.0,住宿服务;宾馆酒店;经济型连锁酒店,31.208590781629272,121.49103857543193,13523087.288787078,3659392.4224832417
12,B00156EE5U,速8酒店(上海黄浦店),121.481214,31.206117,黄浦区,[],3.4,住宿服务;宾馆酒店;经济型连锁酒店,31.209774706614596,121.49228643021864,13523226.883428534,3659546.390396394
13,B0FFJDLJAO,月湾儿新装洋房公寓瞿溪路店,121.48388200000001,31.206822,黄浦区,[],[],住宿服务;宾馆酒店;经济型连锁酒店,31.210474915417844,121.49494239458484,13523523.883829972,3659638.1473381803
14,B0FFG7VAEI,海友酒店(上海制造局路店),121.47844199999999,31.210909,黄浦区,[],3.9,住宿服务;宾馆酒店;经济型连锁酒店,31.21460808715272,121.48951829505144,13522918.305800054,3660170.090773223
15,B00155LKQD,汉庭优佳酒店(西藏南路店),121.480797,31.214752,黄浦区,[],4.6,住宿服务;宾馆酒店;经济型连锁酒店,31.21848521122889,121.49185391892908,13523180.463200875,3660670.2973636077
16,B0FFLEJVKO,全季酒店(上海新天地西藏南路店),121.481425,31.215866,黄浦区,[],4.8,住宿服务;宾馆酒店;经济型连锁酒店,31.219611476579814,121.4924758961288,13523250.371841092,3660815.299900194
17,B0FFF9ZC98,格林豪泰贝壳酒店(上海新天地老西门店),121.477322,31.220612,黄浦区,[],3.8,住宿服务;宾馆酒店;经济型连锁酒店,31.22444024653775,121.48837244389172,13522793.627970368,3661433.0767104505
18,B0FFGJ2QPH,吉泰酒店(老西门店),121.482394,31.221611,黄浦区,[],3.6,住宿服务;宾馆酒店;经济型连锁酒店,31.22544025284397,121.49341973099183,13523358.24042767,3661563.1183848055
19,B00155ISJC,浦江之星连锁酒店,121.47756499999998,31.220084000000003,黄浦区,[],3.9,住宿服务;宾馆酒店;经济型连锁酒店,31.223902995419305,121.48861656928635,13522820.678606628,3661364.346530778
20,B0FFGDKAEY,海友酒店(上海城隍庙店),121.48466200000001,31.218799,黄浦区,[],4.3,住宿服务;宾馆酒店;经济型连锁酒店,31.222576007391467,121.49568904176222,13523610.713032791,3661197.07866341
21,B0FFGYOK47,锦江之星品尚酒店(上海豫园老西门地铁站店),121.480726,31.218215999999998,黄浦区,[],4.4,住宿服务;宾馆酒店;经济型连锁酒店,31.221996574426246,121.49177182532003,13523172.559517026,3661121.1905675167
22,B0FFHR3SZT,海友酒店(上海老西门地铁站店),121.480557,31.217406,黄浦区,[],3.5,住宿服务;宾馆酒店;经济型连锁酒店,31.221175305146883,121.49160638227433,13523153.746523084,3661015.755053258
23,B0FFF65Y6U,布丁酒店(上海南京东路地铁站外滩店),121.478057,31.234482,黄浦区,[],3.3,住宿服务;宾馆酒店;经济型连锁酒店,31.238566626035286,121.48904093226857,13522875.4477961,3663238.6831626943
24,B00156NX2Q,汉庭酒店(上海人民广场店),121.476973,31.231919,黄浦区,[],4.4,住宿服务;宾馆酒店;经济型连锁酒店,31.23595691639187,121.48797351808878,13522754.77746808,3662905.010040584
25,B0FFIJ0VGE,海友酒店(上海大世界地铁站店),121.476817,31.231203999999998,黄浦区,[],3.6,住宿服务;宾馆酒店;经济型连锁酒店,31.235228406191784,121.48782157189827,13522737.411627514,3662811.926878721
26,B0FFGCEQZA,吉泰酒店(上海南京路外滩中心店),121.48096899999999,31.235931,黄浦区,[],3.4,住宿服务;宾馆酒店;经济型连锁酒店,31.240034633952153,121.4919342386327,13523199.610153288,3663427.3303026073
27,B00155LW4G,百时快捷酒店(人民广场淮海东路店),121.47766899999999,31.227753999999997,黄浦区,[],4.3,住宿服务;宾馆酒店;经济型连锁酒店,31.23170903071045,121.48868670626912,13522832.25583367,3662362.794247745
28,B00155KKGY,如家商旅酒店(上海南京东路外滩中心店),121.482125,31.235845,黄浦区,[],4.6,住宿服务;宾馆酒店;经济型连锁酒店,31.23994338862098,121.4930858222699,13523328.295484645,3663416.1337732323
29,B0FFFGQ3ZL,海友酒店(上海外滩南京路步行街店),121.47641000000002,31.236310999999997,黄浦区,[],3.8,住宿服务;宾馆酒店;经济型连锁酒店,31.240435734658593,121.48739170530675,13522692.104594765,3663476.8034613905
30,B0FFGNLK8Q,汉庭酒店(上海人民广场福州路店),121.476859,31.235946000000002,黄浦区,[],4.3,住宿服务;宾馆酒店;经济型连锁酒店,31.24006242917308,121.48784068355879,13522742.08704613,3663429.28318668
31,B00156GXM6,如家快捷酒店(上海人民广场福州路上海书城店),121.47660800000001,31.234655,黄浦区,[],4.2,住宿服务;宾馆酒店;经济型连锁酒店,31.23874732329915,121.4875967857589,13522714.14585394,3663261.2060990743
32,B00155LZRH,锦江之星酒店(上海人民广场淮海东路店),121.477632,31.227712,黄浦区,[],4.5,住宿服务;宾馆酒店;经济型连锁酒店,31.23166634020984,121.48865004953547,13522828.137012513,3662357.326647171
33,B0FFJ2IGB1,全季酒店(上海外滩金陵东路店),121.48286599999999,31.231257,黄浦区,[],4.6,住宿服务;宾馆酒店;经济型连锁酒店,31.23526387491702,121.49384569007937,13523410.783227323,3662818.826725291
34,B0GULUTH46,上海逸致公寓,121.480061,31.234296999999998,黄浦区,[],4.6,住宿服务;宾馆酒店;经济型连锁酒店,31.238371927742236,121.49103774414927,13523098.53205565,3663214.5979873445
35,B00157299G,如家精选酒店(上海外滩金陵东路店),121.47718300000001,31.229453999999997,黄浦区,[],4.6,住宿服务;宾馆酒店;经济型连锁酒店,31.233443225340697,121.48819454910563,13522778.154561145,3662584.1039296985
36,B0G25OYG6X,如家酒店・neo(上海外滩南京路步行街河南中路店),121.48135,31.235551,黄浦区,[],3.5,住宿服务;宾馆酒店;经济型连锁酒店,31.239646164618055,121.49231545370911,13523242.022879282,3663377.857342818
37,B0GD2LU2K7,海友酒店(上海外滩人民路店),121.47941100000001,31.228625,黄浦区,[],4.5,住宿服务;宾馆酒店;经济型连锁酒店,31.232591453067297,121.49041762832705,13523026.174386634,3662476.1824168544
38,B00156O860,汉庭酒店(外滩金陵东路店),121.47858000000001,31.229945,黄浦区,[],4.5,住宿服务;宾馆酒店;经济型连锁酒店,31.233939546903407,121.48958367331078,13522933.667889785,3662648.024114143
39,B0FFKLIG36,幸福公寓,121.48000900000001,31.234353999999996,黄浦区,[],4.7,住宿服务;宾馆酒店;经济型连锁酒店,31.238430193683662,121.49098568390494,13523092.74344213,3663222.0188201247
40,B0FFK76BGV,如家快捷酒店(金陵东路店),121.47711299999999,31.229411,黄浦区,[],[],住宿服务;宾馆酒店;经济型连锁酒店,31.233399601281732,121.48812502813709,13522770.36219679,3662578.50604749
41,B0HAL16A8K,海友酒店(永寿路店),121.476927,31.231275,黄浦区,[],[],住宿服务;宾馆酒店;经济型连锁酒店,31.2353004649464,121.48793080193482,13522749.656771503,3662821.1700702887
42,B0GU7CFCXA,浣溪沙精品酒店公寓,121.480171,31.234302000000003,黄浦区,[],3.5,住宿服务;宾馆酒店;经济型连锁酒店,31.23837668621987,121.49114727014417,13523110.777199637,3663215.2489374094
43,B0FFK1V8YZ,途掌柜・邓邓公寓(松下路分店),121.484315,31.235574,黄浦区,[],[],住宿服务;宾馆酒店;经济型连锁酒店,31.239660286962906,121.4952677817775,13523572.085169483,3663380.8517531455
44,B00155QDEI,汉庭酒店(上海外滩南京东路步行街店),121.47959399999999,31.240975,黄浦区,[],3.4,住宿服务;宾馆酒店;经济型连锁酒店,31.24517567731815,121.4905420316123,13523046.545853447,3664084.0376006537
45,B0FFG7J0H8,海友酒店(上海外滩南京东路店),121.476859,31.241449,黄浦区,[],4.4,住宿服务;宾馆酒店;经济型连锁酒店,31.24566615322151,121.487815893587,13522742.08704613,3664145.7521825917
46,B0FFIBA5X5,海友酒店(上海南京东路地铁站店),121.47920400000001,31.240990999999998,黄浦区,[],3.9,住宿服务;宾馆酒店;经济型连锁酒店,31.245193146828,121.49015354293076,13523003.13125204,3664086.1207882436
47,B00156E3QF,7天酒店(上海外滩南京路步行街店),121.476803,31.241473,黄浦区,[],4.0,住宿服务;宾馆酒店;经济型连锁酒店,31.245690733294595,121.48776000988481,13522735.853154646,3664148.87697979
48,B00156GMFF,如家快捷酒店(上海南京路步行街店),121.47645800000001,31.238390000000003,黄浦区,[],4.4,住宿服务;宾馆酒店;经济型连锁酒店,31.24255363272991,121.48742990199347,13522697.447930323,3663747.477239716
49,B0FFJFOTGJ,全季酒店(上海外滩宁波路店),121.48191200000001,31.241763,黄浦区,[],4.7,住宿服务;宾馆酒店;经济型连锁酒店,31.24597013110589,121.49284711887854,13523304.584433109,3664186.6350086736
50,B0FFFTZ97B,汉庭酒店(上海外滩江西中路店),121.48184099999999,31.239465999999997,黄浦区,[],4.3,住宿服务;宾馆酒店;经济型连锁酒店,31.243632907976828,121.49278635521314,13523296.68074926,3663887.568557222
51,B0FFKNKASS,全季酒店(上海外滩山东中路店),121.47988899999999,31.238015,黄浦区,[],4.6,住宿服务;宾馆酒店;经济型连锁酒店,31.242161319198658,121.49084898008891,13523079.385103231,3663698.65396779
52,B0FFG4PDV4,如家快捷酒店(南京路步行街地铁店),121.477654,31.239879,黄浦区,[],3.9,住宿服务;宾馆酒店;经济型连锁酒店,31.24406616690136,121.4886145639902,13522830.58604131,3663941.3400908145
53,B0FFG909OL,全季酒店(上海外滩天潼路店),121.478399,31.245634999999996,虹口区,[],4.7,住宿服务;宾馆酒店;经济型连锁酒店,31.249914923588715,121.48933332953683,13522913.51906195,3664690.7809024076
54,B0FFHHNEWA,海友酒店(上海外滩中心店),121.483639,31.237541999999998,黄浦区,[],4.2,住宿服务;宾馆酒店;经济型连锁酒店,31.24166780433119,121.49458547260441,13523496.833193708,3663637.071823875
55,B00155KL2J,仕佳商务酒店,121.48291299999998,31.242125,黄浦区,[],3.8,住宿服务;宾馆酒店;经济型连锁酒店,31.24633515308263,121.4938423864358,13523416.01524339,3664233.767607411
56,B0FFJL5M9E,汉庭酒店(南京东路店),121.48005800000001,31.237090999999996,黄浦区,[],4.5,住宿服务;宾馆酒店;经济型连锁酒店,31.24121949221338,121.49102155347393,13523098.198097179,3663578.3542528916
57,B00156NPKB,布丁酒店(上海外滩滨江店),121.482345,31.242918,黄浦区,[],3.5,住宿服务;宾馆酒店;经济型连锁酒店,31.247143172080992,121.493273542806,13523352.78577262,3664337.0172740733
58,B0FFI0BUL5,南京东路豫园美宿酒店式公寓(江西北路分店),121.479424,31.245766999999997,虹口区,[],[],住宿服务;宾馆酒店;经济型连锁酒店,31.250045770912042,121.49035372923105,13523027.621540014,3664707.968058575
59,B0FFK2H0Z7,初爱高层舒适公寓汉口路店,121.480341,31.23767,黄浦区,[],[],住宿服务;宾馆酒店;经济型连锁酒店,31.241808495997088,121.49130071491146,13523129.70151307,3663653.736728798
60,B0FFFY0MGV,布丁酒店(上海外滩四川北路地铁站店),121.48108700000002,31.252755,虹口区,[],3.8,住宿服务;宾馆酒店;经济型连锁酒店,31.257113602204143,121.49198944176355,13523212.745853204,3665617.8799934923
61,B0FFJXPBY6,桔子酒店(上海外滩四川北路店),121.48185,31.252349,虹口区,[],4.7,住宿服务;宾馆酒店;经济型连锁酒店,31.256701408311756,121.49275016483324,13523297.682624677,3665565.0126320063
62,B0FFFHAIIP,汉庭酒店(上海四川北路东宝兴路地铁站店),121.47909299999999,31.262006,虹口区,[],4.5,住宿服务;宾馆酒店;经济型连锁酒店,31.266416118119512,121.48999372740752,13522990.77478856,3666822.562205336
63,B0015747SY,如家精选酒店(上海赤峰路地铁站店),121.477915,31.284363,虹口区,[],4.6,住宿服务;宾馆酒店;经济型连锁酒店,31.28856224777044,121.48887992987079,13522859.640428405,3669734.4194720313
64,B00155EQAN,莫泰168旅店(赤峰路地铁站店),121.477824,31.284370000000003,虹口区,[],4.1,住宿服务;宾馆酒店;经济型连锁酒店,31.28856939237698,121.48878932465911,13522849.510354744,3669735.3312856667
65,B0FFG69MBA,海友酒店(上海大柏树地铁站店),121.47691100000002,31.292412,虹口区,[],3.9,住宿服务;宾馆酒店;经济型连锁酒店,31.29646751181019,121.48791919412206,13522747.875659652,3670782.919608825
66,B00155KRF8,莫泰168旅店(上海曲阳商务中心大柏树地铁站店),121.48288899999999,31.294145,虹口区,[],4.1,住宿服务;宾馆酒店;经济型连锁酒店,31.298150500865535,121.49388130227061,13523413.34357561,3671008.6799532007
67,B00155K8JL,7天酒店(上海同济大学岳阳医院店),121.48549799999999,31.291045,虹口区,[],3.8,住宿服务;宾馆酒店;经济型连锁酒店,31.295100346366844,121.4964635153956,13523703.776127093,3670604.8415268096
68,B0GRUC7IZ9,汉庭优佳酒店(上海大柏树地铁站酒店),121.481123,31.294586,虹口区,[],4.7,住宿服务;宾馆酒店;经济型连锁酒店,31.29858865447223,121.49212495369486,13523216.75335487,3671066.130305201
69,B0FFG8N7I4,海友良品酒店(大柏树店),121.48266699999999,31.294014,虹口区,[],4.1,住宿服务;宾馆酒店;经济型连锁酒店,31.298022607510884,121.49365959783913,13523388.630648656,3670991.614254162
70,B00155QT3Y,易佰酒店(上海江湾镇大柏树地铁站店),121.47662,31.297271999999996,虹口区,[],4.6,住宿服务;宾馆酒店;经济型连锁酒店,31.301238838919453,121.48765330870938,13522715.481687829,3671416.0491380724
71,B0FFK03NY1,如家酒店・neo(上海江湾镇地铁站店),121.481897,31.304757000000002,杨浦区,[],4.4,住宿服务;宾馆酒店;经济型连锁酒店,31.308584974201995,121.4929420201215,13523302.914640747,3672391.2106448505
72,B0G0SS0JT1,如家快捷酒店,121.481862,31.304767,杨浦区,[],[],住宿服务;宾馆酒店;经济型连锁酒店,31.308594934609786,121.49290720708875,13523299.018458568,3672392.5135176526
73,B00155G9GY,格林豪泰酒店(大柏树商务酒店)(暂停营业),121.485161,31.297114,杨浦区,[],4.4,住宿服务;宾馆酒店;经济型连锁酒店,31.301058151355925,121.49615804684596,13523666.261458697,3671395.465401264
74,B00156ECZ1,格林豪泰酒店(上海虹口区江湾镇地铁站场中路店),121.47593400000001,31.309890999999997,虹口区,[],3.6,住宿服务;宾馆酒店;经济型连锁酒店,31.313670945773904,121.48702100339881,13522639.116517147,3673060.1237306567
75,B0FFHPCTDE,布丁酒店(场中路地铁站上海大学店),121.412618,31.301639,宝山区,[],3.5,住宿服务;宾馆酒店;经济型连锁酒店,31.30563298839823,121.42377297122373,13515590.811638078,3671984.981649028
76,B00156GA8A,锦江之星酒店(场中路店),121.405928,31.304266,宝山区,[],4.5,住宿服务;宾馆酒店;经济型连锁酒店,31.30822089439182,121.41709515660453,13514846.084244672,3672327.2397604682
77,B0FFIQ9RZC,锦江之星酒店(上海世博园区历城路店),121.487843,31.178703999999996,浦东新区,[],4.4,住宿服务;宾馆酒店;经济型连锁酒店,31.18255816654947,121.49882512952138,13523964.820333002,3655979.072194969
78,B00156EC8W,7天酒店(上海西藏南路地铁站店),121.485844,31.204560999999998,黄浦区,[],3.9,住宿服务;宾馆酒店;经济型连锁酒店,31.208198329357984,121.49689781146508,13523742.292670907,3659343.8767865077
79,B0HA3D2V86,如家酒店neo(西藏南路地铁站店),121.48707399999999,31.204041999999998,黄浦区,[],[],住宿服务;宾馆酒店;经济型连锁酒店,31.20767398029051,121.49812264969674,13523879.215644581,3659276.329607404
80,B0FFFWQHRH,易佰连锁旅店(上海南外滩店),121.491821,31.213365999999997,黄浦区,[],4.2,住宿服务;宾馆酒店;经济型连锁酒店,31.21704777520266,121.50283352789906,13524407.64926738,3660489.892642953
81,B00156LVMF,吉泰酒店(上海陆家浜路迎勋路店),121.48753500000001,31.213732,黄浦区,[],4.2,住宿服务;宾馆酒店;经济型连锁酒店,31.217431828349905,121.4985658480965,13523930.533929838,3660537.531727818
82,B00155QDEP,如家商旅酒店(上海外滩城隍庙店),121.486209,31.224087,黄浦区,[],4.5,住宿服务;宾馆酒店;经济型连锁酒店,31.22794726344353,121.49720773476183,13523782.924285047,3661885.4298005356
83,B0FFFS5JMU,汉庭酒店(上海外滩延安东路店),121.48591299999998,31.234156,黄浦区,[],4.4,住宿服务;宾馆酒店;经济型连锁酒店,31.238209779501492,121.49686559945832,13523749.97371577,3663196.2412096933
84,B0FFHDOMD8,桔子水晶酒店(豫园店),121.487319,31.231239000000002,黄浦区,[],4.7,住宿服务;宾馆酒店;经济型连锁酒店,31.235231309780307,121.49827945214942,13523906.488919828,3662816.4833807396
85,B0FFI05A78,hotel INDIGO,121.49563500000001,31.228057,黄浦区,[],[],住宿服务;宾馆酒店;经济型连锁酒店,31.231960305656585,121.50657295237306,13524832.221805265,3662402.2391524427
86,B0FFGXI87M,上海海又酒店,121.49140200000001,31.257617,虹口区,[],3.7,住宿服务;宾馆酒店;经济型连锁酒店,31.261977230401072,121.5022513370346,13524361.006400736,3666251.0038442095
87,B00157BO6T,汉庭优佳酒店(上海北外滩海伦路地铁站店),121.486883,31.261314000000002,虹口区,[],4.7,住宿服务;宾馆酒店;经济型连锁酒店,31.26569955798431,121.49775059381015,13523857.95362184,3666732.4446085533
88,B00155EQB3,莫泰168旅店(上海虹口足球场四平路店),121.486911,31.268021,虹口区,[],4.5,住宿服务;宾馆酒店;经济型连锁酒店,31.272391380749724,121.49778364744313,13523861.070567584,3667605.909904124
89,B00157482L,如家快捷酒店(虹口足球场四平路店),121.486824,31.267948999999998,虹口区,[],4.3,住宿服务;宾馆酒店;经济型连锁酒店,31.27232005034813,121.49769691745917,13523851.385771884,3667596.5328782815
90,B0FFHW6KWY,上海天宝华庭单身公寓,121.49415400000001,31.274553000000004,虹口区,[],3.0,住宿服务;宾馆酒店;经济型连锁酒店,31.278844887416692,121.50500928190222,13524667.3576394,3668456.644300843
91,B0HUZUJ8DT,汉庭酒店(上海四平路地铁站店)(装修中),121.49473700000001,31.275146999999997,虹口区,[],[],住宿服务;宾馆酒店;经济型连锁酒店,31.279430185768227,121.5055914622174,13524732.256902533,3668534.010393613
92,B0FFIRVRKW,上海精装温馨公寓(场联路分店),121.40546200000001,31.308834,宝山区,[],3.5,住宿服务;宾馆酒店;经济型连锁酒店,31.312728435290897,121.41664570623514,13514794.209361963,3672922.4033505917
93,B0FFFA7MT4,易佰酒店(上海同济大学赤峰路地铁站店),121.489305,31.283837,虹口区,[],4.2,住宿服务;宾馆酒店;经济型连锁酒店|住宿服务;旅馆招待所;旅馆招待所,31.288010518220545,121.50021867756003,13524127.569428543,3669665.903383987
94,B00155R4QJ,汉庭酒店(上海大柏树店),121.48592,31.292034,虹口区,[],4.4,住宿服务;宾馆酒店;经济型连锁酒店,31.296069563657788,121.49688860482922,13523750.752952207,3670733.677569237
95,B00155QKP8,汉庭酒店(上海五角场复旦大学店),121.494527,31.294528000000003,虹口区,[],4.5,住宿服务;宾馆酒店;经济型连锁酒店,31.298489920091317,121.50546899805524,13524708.879809465,3671058.574461245
96,B0G39YLZPK,佰圆连锁宾馆(邯郸路店),121.487523,31.295052000000002,虹口区,[],[],住宿服务;宾馆酒店;经济型连锁酒店,31.299026424008318,121.49849952298221,13523929.198095948,3671126.8377719675
97,B0FFGIHYKJ,如家快捷酒店(上海杨浦大学城武东路店),121.48662,31.306178999999997,杨浦区,[],4.4,住宿服务;宾馆酒店;经济型连锁酒店,31.309972366684672,121.49765000278217,13523828.676595762,3672576.480545276
98,B0FFHXSAR7,布丁酒店(上海财经大学政立路店),121.491879,31.312794,杨浦区,[],3.9,住宿服务;宾馆酒店;经济型连锁酒店,31.316496891114905,121.50290552105292,13524414.105797844,3673438.3741254276
99,B00156ENU7,99旅馆连锁(殷高西路站店),121.48906000000001,31.317802,宝山区,[],4.3,住宿服务;宾馆酒店;经济型连锁酒店,31.32148324817287,121.5001081636022,13524100.2961533,3674090.9258075026
100,B0FFFEFXNU,易佰酒店(上海新国际博览中心世博园店),121.502275,31.178571,浦东新区,[],4.3,住宿服务;宾馆酒店;经济型连锁酒店|购物服务;购物相关场所;购物相关场所,31.182381440851014,121.51319028170528,13525571.38322413,3655961.7671103184
101,B0FFKHGTA7,吉泰精品酒店(上海世博园高科西路地铁站店),121.50173500000001,31.187088,浦东新区,[],4.1,住宿服务;宾馆酒店;经济型连锁酒店,31.190768182116376,121.5126884578921,13525511.270699104,3657069.992163794
102,B00154DR1A,上海富驿酒店,121.50287900000001,31.202858000000003,浦东新区,[],3.8,住宿服务;宾馆酒店;经济型连锁酒店,31.206436380139518,121.5138557883847,13525638.62019657,3659122.234925058
103,B00157I4HU,易佰旅店(上海世博园店),121.50431100000002,31.202309000000003,浦东新区,[],3.8,住宿服务;宾馆酒店;经济型连锁酒店,31.205882171577322,121.51528132352493,13525798.029707387,3659050.7845824207
104,B0FFJDKKMV,上海LindaXu公寓银行博物馆分店,121.502698,31.220316999999998,黄浦区,[],[],住宿服务;宾馆酒店;经济型连锁酒店,31.224058682671735,121.51363748665442,13525618.471368738,3661394.6762786494
105,B0FFIIYGF4,星豪家庭公寓分店,121.503355,31.236377,浦东新区,[],[],住宿服务;宾馆酒店;经济型连锁酒店,31.240416157771367,121.51421778706424,13525691.608274188,3663485.3961882
106,B00156YLAU,桔子水晶酒店(公平路北外滩店),121.50004799999999,31.256695,虹口区,[],4.7,住宿服务;宾馆酒店;经济型连锁酒店,31.261022174730645,121.51085863845262,13525323.474718133,3666130.9395965007
107,B0FFFGH4NQ,桔子酒店(公平路店),121.50003500000001,31.256842,虹口区,[],[],住宿服务;宾馆酒店;经济型连锁酒店,31.261170041833946,121.51084551468949,13525322.027564757,3666150.082082357
108,B0FFFTE9KD,汉庭优佳(上海北外滩大连路店),121.50223100000001,31.264306,虹口区,[],2.0,住宿服务;宾馆酒店;经济型连锁酒店,31.2686407538176,121.51302932779166,13525566.485166537,3667122.09075771
109,B0FFFQ0N45,易佰酒店(上海和平公园鞍山新村地铁站店),121.503426,31.273332,杨浦区,[],4.4,住宿服务;宾馆酒店;经济型连锁酒店,31.2776071507146,121.5142349555491,13525699.511958035,3668297.615528991
110,B0FFGSDB32,布丁酒店(上海控江路新华医院店),121.50298500000001,31.272897999999998,杨浦区,[],3.7,住宿服务;宾馆酒店;经济型连锁酒店,31.277178934650696,121.51379475683548,13525650.420062594,3668241.0898274747
111,B00152DA4A,吉泰连锁酒店(上海控江路店),121.503578,31.273412,杨浦区,[],4.2,住宿服务;宾馆酒店;经济型连锁酒店,31.277685841034383,121.51438649121742,13525716.432520635,3668308.0350415283
112,B00155QRWU,吉泰连锁酒店(上海四平路同济大学店),121.499655,31.280395000000002,杨浦区,[],4.2,住宿服务;宾馆酒店;经济型连锁酒店,31.284591083840432,121.51050606610015,13525279.726158254,3669217.5622940445
113,B00155QKPG,锦江之星旅馆(同济大学店),121.50278300000001,31.287523999999998,杨浦区,[],4.2,住宿服务;宾馆酒店;经济型连锁酒店,31.29158947242532,121.51365208620669,13525627.933525454,3670146.17534428
114,B0FFHVEXF0,上海森林夙愿普通公寓政民路分店,121.50482,31.304921999999998,杨浦区,[],[],住宿服务;宾馆酒店;经济型连锁酒店,31.308674866341825,121.51576193317966,13525854.6913282,3672412.708063731
115,B0FFJ42XII,上海途掌柜・小汐公寓(国权北路店),121.49648,31.325498,杨浦区,[],[],住宿服务;宾馆酒店;经济型连锁酒店,31.329155674233046,121.5074954866143,13524926.286774985,3675093.796518688
116,B0FFFSXMXM,布丁酒店(上海徐家汇宜山路地铁站店),121.41828400000001,31.1832,徐汇区,[],3.7,住宿服务;宾馆酒店;经济型连锁酒店,31.187113795063492,121.42943358565516,13516221.547872914,3656564.0764247677
117,B0FFHD002H,汉庭酒店(柳州路店),121.415974,31.178927,徐汇区,[],4.4,住宿服务;宾馆酒店;经济型连锁酒店,31.18291190992381,121.42710519233027,13515964.399849182,3656008.087541828
118,B0GKKRZI4N,汉庭酒店,121.421025,31.183275,徐汇区,[],[],住宿服务;宾馆酒店;经济型连锁酒店,31.18718603996053,121.43217421523731,13516526.674597178,3656573.835405286
119,B00155LDVT,汉庭酒店(上海徐家汇二店),121.417409,31.182408000000002,徐汇区,[],4.3,住宿服务;宾馆酒店;经济型连锁酒店,31.18633455651227,121.42855545057155,13516124.14331847,3656461.0220623687
120,B0FFG69LB9,海友酒店(上海世博东明路店),121.514407,31.178488,浦东新区,[],3.7,住宿服务;宾馆酒店;经济型连锁酒店,31.18226202659445,121.52526878721285,13526921.911286436,3655950.967708906
121,B0FFF73ONP,海友良品酒店(上海世博高科西路店),121.51239299999999,31.19019,浦东新区,[],3.4,住宿服务;宾馆酒店;经济型连锁酒店,31.193799807297257,121.52330938012364,13526697.713831976,3657473.646631151
122,B0G1VUCOI6,汉庭(上海世博高科西路店),121.513811,31.187556,浦东新区,[],4.8,住宿服务;宾馆酒店;经济型连锁酒店,31.191192205278085,121.52471301472995,13526855.564869924,3657130.890829867
123,B0FFFZEPQV,海友酒店(上海浦东世博临沂路店),121.506578,31.195942,浦东新区,[],4.5,住宿服务;宾馆酒店;经济型连锁酒店,31.19952322863782,121.51753285672052,13526050.390993016,3658222.173100399
124,B00155LKO2,锦江之星旅馆(上海世博园区浦三路店),121.50861599999999,31.196544,浦东新区,[],4.3,住宿服务;宾馆酒店;经济型连锁酒店,31.20011559973401,121.51956279514746,13526277.26011525,3658300.515948687
125,B0FFLEP79Z,海友酒店(客房部),121.514225,31.187321,浦东新区,[],[],住宿服务;宾馆酒店;经济型连锁酒店,31.19095894414515,121.52512448957503,13526901.65113911,3657100.3113338365
126,B00155KUUT,如家快捷酒店(上海浦东南路世博店),121.51066000000002,31.206887,浦东新区,[],4.5,住宿服务;宾馆酒店;经济型连锁酒店,31.210453639059267,121.5215997576606,13526504.797154434,3659646.607232498
127,B0FFG8ASE8,如家精选酒店(上海陆家嘴世博园店),121.506901,31.199921000000003,浦东新区,[],4.3,住宿服务;宾馆酒店;经济型连锁酒店,31.20348689975458,121.51785893999163,13526086.347188542,3658739.9999382924
128,B00155MPW2,布丁酒店(上海世博南浦大桥店),121.508656,31.205038000000002,浦东新区,[],[],住宿服务;宾馆酒店;经济型连锁酒店,31.208602944918127,121.51960610282009,13526281.712894883,3659405.9580467516
129,B0FFJX8I4X,如家快捷酒店,121.506799,31.200215999999998,浦东新区,[],[],住宿服务;宾馆酒店;经济型连锁酒店,31.203781785770087,121.51775756881645,13526074.99260048,3658778.392088981
130,B00157BKQM,汉庭酒店(上海世博塘桥地铁站店),121.51088600000001,31.210282,浦东新区,[],4.5,住宿服务;宾馆酒店;经济型连锁酒店,31.21387124541388,121.52181951881451,13526529.955359353,3660088.4821030423
131,B00155H8HX,锦江之星酒店(上海陆家嘴店),121.51186899999999,31.219371999999996,浦东新区,[],4.3,住宿服务;宾馆酒店;经济型连锁酒店,31.223069033841202,121.52277176445405,13526639.3824188,3661271.6655327207
132,B0FFHDWP1A,全季酒店(上海陆家嘴浦东南路店),121.512859,31.225278999999997,浦东新区,[],4.6,住宿服务;宾馆酒店;经济型连锁酒店,31.229073753112193,121.52373292876125,13526749.588714687,3662040.600504249
133,B00156F54O,布丁酒店(上海陆家嘴店),121.51586499999999,31.227484000000004,浦东新区,[],4.1,住宿服务;宾馆酒店;经济型连锁酒店,31.231310638368427,121.52671652049989,13527084.21510401,3662327.6454293258
134,B0FFIGEU5T,舍下短租公寓乳山路店,121.520077,31.236949,浦东新区,[],[],住宿服务;宾馆酒店;经济型连锁酒店,31.24094615018365,121.53086709107241,13527553.092799231,3663559.8667386784
135,B00157GV6R,富驿时尚酒店(北外滩店),121.505958,31.255173,虹口区,[],4.2,住宿服务;宾馆酒店;经济型连锁酒店,31.259471161040587,121.51674401951084,13525981.372908723,3665932.7449984346
136,B00155MUL7,99旅馆连锁(上海北外滩店),121.50594699999999,31.259903,虹口区,[],3.8,住宿服务;宾馆酒店;经济型连锁酒店,31.26422423006136,121.51672806214381,13525980.148394322,3666548.695313184
137,B0FFFFZYZF,海友酒店(上海北外滩店),121.510282,31.264176000000003,杨浦区,[],4.1,住宿服务;宾馆酒店;经济型连锁酒店,31.268485237569372,121.52104438515344,13526462.718386913,3667105.160688362
138,B00155KFIU,如家快捷酒店(上海北外滩大连路地铁站店),121.50691299999998,31.258748999999998,虹口区,[],4.5,住宿服务;宾馆酒店;经济型连锁酒店,31.263063519853738,121.51769046456175,13526087.683022428,3666398.4162164163
139,B00155GCL3,吉泰酒店(本溪店),121.509199,31.276833,杨浦区,[],4.3,住宿服务;宾馆酒店;经济型连锁酒店,31.281049126371528,121.51999333006678,13526342.159378383,3668753.607714943
140,B0FFGCW62O,如家精选酒店(上海新华医院江浦路地铁站店),121.514968,31.276942,杨浦区,[],4.6,住宿服务;宾馆酒店;经济型连锁酒店,31.281138986213662,121.52573835507305,13526984.36152077,3668767.8048298787
141,B00155H8BB,汉庭酒店(上海徐家汇店),121.420222,31.189804,徐汇区,[],4.4,住宿服务;宾馆酒店;经济型连锁酒店,31.193629652049268,121.43139490274554,13516437.285046069,3657423.416824582
142,B0FFJK09SD,汉庭酒店(上海徐家汇虹桥路店),121.42001299999998,31.195978000000004,徐汇区,[],4.0,住宿服务;宾馆酒店;经济型连锁酒店,31.199753744371897,121.43120014608395,13516414.019272491,3658226.858040767
143,B0FFG7L3YQ,如家快捷酒店(徐家汇中山西路店),121.416053,31.191395,徐汇区,[],4.4,住宿服务;宾馆酒店;经济型连锁酒店,31.19520681488914,121.4272313310767,13515973.194088954,3657630.453433399
144,B00156EFCB,格林豪泰酒店(徐家汇宜山路地铁站店),121.42203799999999,31.190648,徐汇区,[],[],住宿服务;宾馆酒店;经济型连锁酒店,31.19446368805773,121.43321285352819,13516639.44124135,3657533.2459938056
145,B001575WEE,上海东航短租公寓,121.416347,31.191990000000004,徐汇区,[],[],住宿服务;宾馆酒店;经济型连锁酒店,31.195796208132265,121.42752680370411,13516005.922019245,3657707.881594895
146,B0FFHO69E0,海友酒店(上海新华医院店),121.51183,31.278352,杨浦区,[],4.0,住宿服务;宾馆酒店;经济型连锁酒店,31.2825394955617,121.52261856790776,13526635.040958662,3668951.457061576
147,B00156GX4E,99旅馆连锁(上海国权路店),121.511123,31.289340999999997,杨浦区,[],3.8,住宿服务;宾馆酒店;经济型连锁酒店,31.293346929573623,121.52196395717309,13526556.338078668,3670382.8663189714
148,B0FFKHBNSU,海友酒店(黄兴路店),121.514168,31.295011,杨浦区,[],4.5,住宿服务;宾馆酒店;经济型连锁酒店,31.2989020514614,121.52502442158674,13526895.305928135,3671121.4965450414
149,B0FFKQBD88,格林豪泰智选酒店(上海复旦大学五角场地铁站店),121.506437,31.30027,杨浦区,[],4.2,住宿服务;宾馆酒店;经济型连锁酒店,31.30409124962742,121.51735185913738,13526034.694944814,3671806.6255700504
150,B00155GO8M,星墅99旅店(政通路店),121.51347,31.306131,杨浦区,[],2.3,住宿服务;宾馆酒店;经济型连锁酒店,31.30983976417227,121.52437888342618,13526817.604923561,3672570.2266633734
151,B0FFFLIUDR,格林豪泰酒店(上海市体育学院),121.515702,31.316399,杨浦区,[],3.9,住宿服务;宾馆酒店;经济型连锁酒店,31.320001416889546,121.5266293130812,13527066.070027012,3673908.108808142
152,B0FFFEMXG0,格林豪泰酒店(上海世博园区华鹏路地铁站店),121.522683,31.183121999999997,浦东新区,[],4.0,住宿服务;宾馆酒店;经济型连锁酒店,31.18679501870308,121.53353373075564,13527843.19139224,3656553.927093228
153,B0FFL2WJ9L,格林豪泰酒店(上海北艾路店),121.5228,31.183220000000002,浦东新区,[],[],住宿服务;宾馆酒店;经济型连锁酒店,31.186891174944968,121.53365072516952,13527856.215772662,3656566.6788188173
154,B0FFJ0RR77,如家酒店(上海世博园区杨高南路地铁站店),121.51956499999999,31.191066999999997,浦东新区,[],4.2,住宿服务;宾馆酒店;经济型连锁酒店,31.194646300435142,121.53045519671127,13527496.097219944,3657587.7705541914
155,B00156E30X,驿亭四季酒店(东方路店),121.52285,31.213514,浦东新区,[],4.4,住宿服务;宾馆酒店;经济型连锁酒店,31.21709889204298,121.53372907831273,13527861.781747203,3660509.15651299
156,B0FFFVL9H1,汉庭酒店(上海陆家嘴东方路店),121.524735,31.223696,浦东新区,[],4.5,住宿服务;宾馆酒店;经济型连锁酒店,31.227426544058115,121.53557088503236,13528071.618987348,3661834.531111717
157,B0FFGZMDU7,海友酒店(上海徐汇交大店),121.421755,31.201037,长宁区,[],4.1,住宿服务;宾馆酒店;经济型连锁酒店,31.204797305395285,121.43294645596832,13516607.937825458,3658885.2400266994
158,B00155Q3RL,宜必思酒店(徐家汇店),121.42383600000001,31.199361,徐汇区,[],4.4,住宿服务;宾馆酒店;经济型连锁酒店,31.20312178393913,121.43502596640695,13516839.593685798,3658667.120252744
159,B0FFF00GL3,如家快捷酒店(上海福山路世纪大道地铁站店),121.524993,31.231885,浦东新区,[],4.2,住宿服务;宾馆酒店;经济型连锁酒店,31.23576990186029,121.53578983837946,13528100.339415971,3662900.58369246
160,B0FFG6JNZE,全季酒店(上海陆家嘴八佰伴店),121.517733,31.230828000000002,浦东新区,[],4.7,住宿服务;宾馆酒店;经济型连锁酒店,31.234713508583063,121.5285612578578,13527292.159912813,3662762.9771349384
161,B00152B39C,上海齐鲁万怡大酒店,121.52136999999999,31.228127,浦东新区,[],4.4,住宿服务;宾馆酒店;经济型连锁酒店,31.231949340196685,121.53219749847446,13527697.028900828,3662411.351854676
162,B0FFM4HM7M,汉庭优佳酒店(上海世纪大道地铁站店),121.524325,31.232852,浦东新区,[],4.6,住宿服务;宾馆酒店;经济型连锁酒店,31.236757697700316,121.53511943903058,13528025.977996124,3663026.474862108
163,B00156NYRB,汉庭酒店(上海陆家嘴东方明珠店),121.517427,31.242256,浦东新区,[],4.0,住宿服务;宾馆酒店;经济型连锁酒店,31.246356781503568,121.52820365129264,13527258.09614863,3664250.8239238416
164,B00155H8HO,锦江之星旅馆(上海东方明珠店),121.517008,31.238362,浦东新区,[],4.4,住宿服务;宾馆酒店;经济型连锁酒店,31.242394866290567,121.5278032981961,13527211.453281987,3663743.8317620484
165,B0FFG0Z922,全季酒店(上海东方明珠店),121.51641399999998,31.241342,浦东新区,[],4.6,住宿服务;宾馆酒店;经济型连锁酒店,31.245430223928604,121.52719847071393,13527145.329504456,3664131.8208047524
166,B00155LKWP,汉庭酒店(上海北外滩江浦公园地铁站店),121.520632,31.262333,杨浦区,[],4.2,住宿服务;宾馆酒店;经济型连锁酒店,31.266612315010896,121.53135205198524,13527614.875116624,3666865.1469065426
167,B00155HZC5,格林豪泰酒店(上海长阳路江浦公园地铁站店),121.51833500000001,31.266479999999998,杨浦区,[],3.9,住宿服务;宾馆酒店;经济型连锁酒店,31.27075812961707,121.52906655243565,13527359.174246272,3667405.2170660836
168,B0FFG78SVP,吉泰酒店(周家嘴路江浦路店),121.51621499999999,31.273015,杨浦区,[],3.8,住宿服务;宾馆酒店;经济型连锁酒店,31.277253505486282,121.52696793419803,13527123.17692579,3668256.3282974395
169,B001570CSD,吉泰酒店(长阳路店),121.522299,31.268791999999998,杨浦区,[],4.0,住宿服务;宾馆酒店;经济型连锁酒店,31.273046965772572,121.53301926016219,13527800.444707775,3667706.3226710884
170,B0FFJXQVLX,友海酒店(上海宁国路地铁站店),121.52407600000001,31.268453000000004,杨浦区,[],3.8,住宿服务;宾馆酒店;经济型连锁酒店,31.2727050258005,121.53478942150718,13527998.259442914,3667662.172209445
171,B0FFGQITSE,海友良品酒店(长阳路店),121.524323,31.268553000000004,杨浦区,[],4.5,住宿服务;宾馆酒店;经济型连锁酒店,31.272803754144437,121.53503574155333,13528025.75535714,3667675.195927946
172,B0FFFTJW36,星程酒店(上海北外滩宁国路地铁站店),121.52584399999999,31.269763,杨浦区,[],4.6,住宿服务;宾馆酒店;经济型连锁酒店,31.27400173428466,121.53655385775123,13528195.072302636,3667832.7840158464
173,B0FFGW9HBD,易佰旅店(上海江浦路地铁站店),121.52035900000001,31.279375,杨浦区,[],4.1,住宿服务;宾馆酒店;经济型连锁酒店,31.28352247140854,121.53111744350895,13527584.484895637,3669084.704335547
174,B0FFILGQTG,宜必思酒店(上海北外滩周家嘴路店),121.52568400000001,31.277779,杨浦区,[],4.7,住宿服务;宾馆酒店;经济型连锁酒店,31.281934178674955,121.53641752472564,13528177.261184113,3668876.823589452
175,B0FFFVD19K,汉庭酒店(上海五角场店),121.516255,31.296507000000002,杨浦区,[],4.2,住宿服务;宾馆酒店;经济型连锁酒店,31.30036438224626,121.52711029314263,13527127.629705422,3671316.3876953465
176,B0FFKPA1X9,汉庭酒店(上海五角场中心店),121.516547,31.299588,杨浦区,[],4.6,住宿服务;宾馆酒店;经济型连锁酒店,31.30338984738332,121.52741578477487,13527160.134996733,3671717.7742025414
177,B00156ELRF,海友酒店(上海长海医院店),121.515964,31.31148,杨浦区,[],3.9,住宿服务;宾馆酒店;经济型连锁酒店,31.315118277736193,121.52687990926538,13527095.235733598,3673267.163236345
178,B0FFFPM5KK,浦江之星旅店(上海中原店),121.520968,31.317103999999997,杨浦区,[],[],住宿服务;宾馆酒店;经济型连锁酒店,31.3206874576374,121.53187602893259,13527652.278465528,3673999.9730325863
179,B0FFMG6MDV,汉庭酒店(上海五角场长海医院店),121.52108600000001,31.317140000000002,杨浦区,[],4.6,住宿服务;宾馆酒店;经济型连锁酒店,31.32072295646504,121.53199364381636,13527665.414165445,3674004.663990165
180,B00156Z147,杨浦白领公寓,121.520977,31.325158000000002,杨浦区,[],3.5,住宿服务;宾馆酒店;经济型连锁酒店,31.328737124649052,121.53188757767548,13527653.280340947,3675049.489169126
181,B0FFKLDSFE,海友酒店(上海中山公园延安西路店),121.41881799999999,31.211032,长宁区,[],4.3,住宿服务;宾馆酒店;经济型连锁酒店,31.21483991867785,121.43000057991496,13516280.992480995,3660186.10019306
182,B0FFIQF1Y2,旅途中的温馨小家普通公寓分店,121.53229499999999,31.200784000000002,浦东新区,[],[],住宿服务;宾馆酒店;经济型连锁酒店,31.20427515699423,121.54315896445009,13528913.194337744,3658852.3135840734
183,B0FFFZHT3H,布丁酒店(新国际博览中心蓝村路地铁站店),121.528405,31.213301,浦东新区,[],3.8,住宿服务;宾馆酒店;经济型连锁酒店,31.216868136133442,121.53926619406916,13528480.16151856,3660481.4321690206
184,B00156NWQK,如家商旅酒店(上海陆家嘴软件园区蓝村路地铁站店),121.526642,31.217198,浦东新区,[],4.4,住宿服务;宾馆酒店;经济型连锁酒店,31.220818954415435,121.53749701013732,13528283.90525629,3660988.6804003054
185,B0FFG9C9S2,如家精选酒店(上海羽山路源深体育中心店),121.535367,31.23258,浦东新区,[],4.2,住宿服务;宾馆酒店;经济型连锁酒店,31.236451273716547,121.5461297252037,13529255.16781346,3662991.063772052
186,B0FFH68A2E,全季酒店(上海陆家嘴浦东大道店),121.52948899999998,31.244505,浦东新区,[],4.5,住宿服务;宾馆酒店;经济型连锁酒店,31.248608069907196,121.54021477387917,13528600.831846576,3664543.649412252
187,B0HU1RED4R,7天酒店陆家嘴东方明珠店,121.52683799999998,31.245363,浦东新区,[],[],住宿服务;宾馆酒店;经济型连锁酒店,31.24948639981348,121.53756883524775,13528305.723876484,3664655.365020005
188,B0FFIVBIJR,海友酒店(上海北外滩平凉路店),121.531245,31.264817999999998,杨浦区,[],4.3,住宿服务;宾馆酒店;经济型连锁酒店,31.269065832482678,121.54193113486956,13528796.308872411,3667188.769411485
189,B00156EMAR,为波宾馆(杨浦店),121.532729,31.265860999999997,杨浦区,[],4.0,住宿服务;宾馆酒店;经济型连锁酒店,31.27010220703939,121.54341186998654,13528961.50699675,3667324.602241383
190,B0FFGCT5N4,易佰酒店(上海北外滩长阳路地铁站店),121.52826200000001,31.2714,杨浦区,[],3.7,住宿服务;宾馆酒店;经济型连锁酒店,31.275619527867516,121.53896764788504,13528464.242831375,3668045.9869846045
191,B00155Q3SL,汉庭酒店(上海中山公园地铁站),121.419243,31.220672999999998,长宁区,[],4.3,住宿服务;宾馆酒店;经济型连锁酒店,31.22460707587601,121.43039502404785,13516328.303264584,3661441.0171536705
192,B00155GDVF,锦江之星酒店(上海中山公园店),121.42046299999998,31.223668,长宁区,[],4.3,住宿服务;宾馆酒店;经济型连锁酒店,31.227652649422605,121.43160215512331,13516464.113043351,3661830.8862009034
193,B0FFIBMSHE,上海宁国路地铁房普通公寓,121.53188300000001,31.2786,杨浦区,[],[],住宿服务;宾馆酒店;经济型连锁酒店,31.282727777048727,121.54260039974437,13528867.330707539,3668983.7592983074
194,B0FFI5MI1U,上海温馨舒适地铁零距离公寓靖宇中路分店,121.52598200000001,31.289476,杨浦区,[],[],住宿服务;宾馆酒店;经济型连锁酒店,31.293436410133353,121.53676666618288,13528210.434392367,3670400.4522366305
195,B00155MPFK,速8酒店(上海五角场店),121.53550700000001,31.303453,杨浦区,[],3.5,住宿服务;宾馆酒店;经济型连锁酒店,31.307140902821594,121.54633021621638,13529270.752542175,3672221.31721646
196,B00155KFFX,莫泰168旅店(上海民星路店),121.533528,31.313225,杨浦区,[],4.1,住宿服务;宾馆酒店;经济型连锁酒店,31.31679968829103,121.54438864673595,13529050.451269895,3673494.532859642
197,B00157HTXZ,易佰酒店(上海长海医院翔殷路地铁站店),121.53246200000001,31.308881,杨浦区,[],4.4,住宿服务;宾馆酒店;经济型连锁酒店,31.312501822334344,121.54331358192947,13528931.784692708,3672928.5271189595
198,B0FFJ5OJJH,i旅行家公寓中国武术博物馆分店,121.52688899999998,31.317144,杨浦区,[],3.5,住宿服务;宾馆酒店;经济型连锁酒店,31.32071079539879,121.53777658477208,13528311.401170513,3674005.185207786
199,B0H6GO572X,上海百年孤独千年一叹普通公寓市光路店,121.52895500000001,31.320703,杨浦区,[],[],住宿服务;宾馆酒店;经济型连锁酒店,31.324254534435337,121.53983923010783,13528541.387238497,3674468.9473580513
200,B0FFHRGQG5,上海短租公寓,121.543834,31.183154,浦东新区,[],[],住宿服务;宾馆酒店;经济型连锁酒店,31.186775484113028,121.55462665613732,13530197.70994201,3656558.0909205396
201,B00155HCI0,如家NEO上海世纪公园店,121.537168,31.209203000000002,浦东新区,[],4.6,住宿服务;宾馆酒店;经济型连锁酒店,31.212710309939055,121.54801380065223,13529455.654216379,3659948.0435689497
202,B0FFI6LA83,上海高尔夫球场度假屋普通公寓,121.540251,31.222787,浦东新区,[],[],住宿服务;宾馆酒店;经济型连锁酒店,31.22646234504591,121.55104753534908,13529798.852206495,3661716.202237129
203,B0FFG8KT1D,海友良品酒店(上海虹桥安顺路店),121.410513,31.202162,长宁区,[],4.0,住宿服务;宾馆酒店;经济型连锁酒店,31.205927974273486,121.42170701755525,13515356.484109959,3659031.6531402897
204,B0FFFFVVVH,全季酒店(上海虹桥中山西路店),121.407206,31.204012,长宁区,[],4.7,住宿服务;宾馆酒店;经济型连锁酒店,31.207781964203658,121.4184001702575,13514988.350553904,3659272.4251575167
205,B0FFK0NCKX,如家精选酒店(上海江苏路地铁站店),121.420346,31.228075,长宁区,[],4.6,住宿服务;宾馆酒店;经济型连锁酒店,31.232141616907064,121.43146504280553,13516451.08866293,3662404.5824180837
206,B00155R4RQ,如家快捷酒店(上海新国际博览中心民生路杨高中路地铁站店),121.544168,31.231780999999998,浦东新区,[],4.4,住宿服务;宾馆酒店;经济型连锁酒店,31.2356168717969,121.55491491220229,13530234.890651934,3662887.044284557
207,B0FFH9QEYK,锦江之星酒店(民生路店),121.538394,31.240325,浦东新区,[],4.4,住宿服务;宾馆酒店;经济型连锁酒店,31.244335816859486,121.54911317103105,13529592.131912094,3663999.408403233
208,B0FFIXS0AT,上海杨洋普通公寓,121.53678300000001,31.248021,浦东新区,[],[],住宿服务;宾馆酒店;经济型连锁酒店,31.252156892400272,121.54747636324656,13529412.796212427,3665001.4554783534
209,B0G229VO28,上海浦江之星(上海杨浦店),121.53907099999999,31.263177000000002,杨浦区,[],3.2,住宿服务;宾馆酒店;经济型连锁酒店,31.26740862700271,121.54973590126176,13529667.49520736,3666975.0603952343
210,B0FFIRJX89,上海金桥人才驿站,121.53763799999999,31.259306,杨浦区,[],3.0,住宿服务;宾馆酒店;经济型连锁酒店,31.263535820730993,121.54830681836955,13529507.974377053,3666470.951044992
211,B0FFG6S8VQ,海友酒店(上海杨浦大桥店),121.536649,31.267965000000004,杨浦区,[],4.2,住宿服务;宾馆酒店;经济型连锁酒店,31.272187729321804,121.54732430089635,13529397.87940066,3667598.616661186
212,B0FFFCT7Z3,莫泰酒店(上海北外滩杨浦大桥隆昌路地铁站店),121.53983600000001,31.274428000000004,杨浦区,[],4.3,住宿服务;宾馆酒店;经济型连锁酒店,31.27859004554935,121.55051877532684,13529752.654617818,3668440.363619466
213,B0FFFVT09V,汉庭上海北外滩平凉路酒店,121.544025,31.273369,杨浦区,[],4.2,住宿服务;宾馆酒店;经济型连锁酒店,31.27753356303985,121.55469590057557,13530218.97196475,3668302.434552439
214,B00156N3IP,锦江之星风尚(上海北外滩杨浦大桥店),121.535844,31.268558000000002,杨浦区,[],4.4,住宿服务;宾馆酒店;经济型连锁酒店,31.272779265020024,121.54652229418448,13529308.267210571,3667675.8471142333
215,B00156GXO6,如家快捷酒店(上海杨浦大桥隆昌路地铁站店),121.542028,31.278869,杨浦区,[],4.4,住宿服务;宾馆酒店;经济型连锁酒店,31.28296987469769,121.55272140709637,13529996.666941635,3669018.7969011134
216,B0FFLQG4RF,如家酒店(上海长海民星路店),121.539897,31.313803000000004,杨浦区,[],4.7,住宿服务;宾馆酒店;经济型连锁酒店,31.317358432193966,121.5507431338807,13529759.445106756,3673569.845904295
217,B0FFHJGBKN,智尚酒店(环球港曹杨路地铁站店),121.41642,31.2374,普陀区,[],4.4,住宿服务;宾馆酒店;经济型连锁酒店,31.241649106323326,121.42749547830678,13516014.048342075,3663618.5842214003
218,B00156EEHC,7天优品premium.上海浦东新国际博览中心店,121.551061,31.196771999999996,浦东新区,[],4.5,住宿服务;宾馆酒店;经济型连锁酒店,31.20023485719932,121.56188129024247,13531002.21590197,3658330.187456578
219,B0FFHFC7GT,布丁酒店(上海龙阳路地铁站新国际博览中心店),121.552902,31.205045000000002,浦东新区,[],4.0,住宿服务;宾馆酒店;经济型连锁酒店,31.208498391712023,121.56372296958395,13531207.155084522,3659406.869094831
220,B0FFHFC7G5,汉庭酒店(上海龙阳路磁悬浮店),121.55283600000001,31.204998,浦东新区,[],3.8,住宿服务;宾馆酒店;经济型连锁酒店,31.208451346434863,121.56365709313076,13531199.80799813,3659400.7520590266
221,B0HDAYVVDU,汉庭(上海龙阳路磁悬浮店),121.552957,31.205077000000003,浦东新区,[],3.5,住宿服务;宾馆酒店;经济型连锁酒店,31.20853040698145,121.56377787108589,13531213.277656516,3659411.0338869095
222,B0FFJ88BK0,上海新国际博览中心龙阳路地铁零距离温馨三房普通公寓,121.548197,31.202363000000002,浦东新区,[],[],住宿服务;宾馆酒店;经济型连锁酒店,31.205819310742488,121.55902603759381,13530683.39688034,3659057.812466585
223,B0HU6D3VKW,如家快捷酒店,121.551396,31.226751,浦东新区,[],[],住宿服务;宾馆酒店;经济型连锁酒店,31.230475966211003,121.56215457860777,13531039.507931385,3662232.223402726
224,B0FFHI29EO,海友酒店(上海新国际博览中心店),121.550322,31.234541999999998,浦东新区,[],4.4,住宿服务;宾馆酒店;经济型连锁酒店,31.238419826924986,121.56104500210986,13530919.950798275,3663246.4945810465
225,B0FFFV5X46,汉庭酒店(上海张杨路店),121.55413700000001,31.243653000000002,浦东新区,[],3.9,住宿服务;宾馆酒店;经济型连锁酒店,31.24768948396431,121.56481384731897,13531344.634655653,3664432.7160368436
226,B0GUHNSDQQ,海友酒店(上海陆家嘴北洋泾地铁站店),121.548918,31.24127,浦东新区,[],3.8,住宿服务;宾馆酒店;经济型连锁酒店,31.245275562153854,121.55961240538709,13530763.658233203,3664122.4464285467
227,B0FFIVBIER,上海斯维登服务公寓(新国际博览中心店),121.550075,31.246336,浦东新区,[],[],住宿服务;宾馆酒店;经济型连锁酒店,31.250420778823795,121.56074765781707,13530892.45488405,3664782.0553930826
228,B0FFFEC2WF,海友酒店(上海浦东大道店),121.54624799999999,31.249670000000002,浦东新区,[],4.0,住宿服务;宾馆酒店;经济型连锁酒店,31.253806383932023,121.55691629922256,13530466.435192784,3665216.171874557
229,B00155K8K6,莫泰168旅店(上海陆家嘴浦东大道店),121.551325,31.256475,浦东新区,[],4.3,住宿服务;宾馆酒店;经济型连锁酒店,31.26066408989359,121.561970337344,13531031.60424754,3666102.2910339017
230,B00156EMRV,如家商旅酒店(上海陆家嘴浦东大道店),121.551255,31.25644,浦东新区,[],4.5,住宿服务;宾馆酒店;经济型连锁酒店,31.260629000560478,121.5619004896862,13531023.811883185,3666097.7333141905
231,B0FFFHB4C9,怡莱酒店(上海浦东大道店),121.547203,31.251269,浦东新区,[],4.2,住宿服务;宾馆酒店;经济型连锁酒店,31.25542175411373,121.55786524529381,13530572.745306492,3665424.381348588
232,B0FFHJC7N9,思家公寓,121.549319,31.255445,浦东新区,[],[],住宿服务;宾馆酒店;经济型连锁酒店|住宿服务;旅馆招待所;旅馆招待所,31.259630960718717,121.55996897123168,13530808.29734901,3665968.16456069
233,B0FFF4XGIQ,汉庭酒店(上海德平路店),121.555001,31.25941,浦东新区,[],4.2,住宿服务;宾馆酒店;经济型连锁酒店,31.263606471562213,121.56563827845959,13531440.814695697,3666484.4943997264
234,B00157BOFN,易佰酒店(上海岚皋路地铁站店),121.41871200000001,31.251549,普陀区,[],4.6,住宿服务;宾馆酒店;经济型连锁酒店,31.25601137359033,121.42973463712711,13516269.192614974,3665460.841156486
235,B0FFF74V3L,上海红灯笼青年公寓,121.551667,31.27765,杨浦区,[],3.5,住宿服务;宾馆酒店;经济型连锁酒店,31.28174963607378,121.56233872672215,13531069.675513392,3668860.0213519745
236,B00156F8IJ,莫泰168旅店(上海高科西路新国际博览中心店),121.563598,31.191012,浦东新区,[],4.3,住宿服务;宾馆酒店;经济型连锁酒店,31.194499427213707,121.57439053877991,13532397.828358047,3657580.6133785658
237,B0FFHWH8VE,如家联盟(上海新国际博览中心北蔡店),121.558245,31.192649,浦东新区,[],4.5,住宿服务;宾馆酒店;经济型连锁酒店,31.196128335955084,121.56904764426692,13531801.935123831,3657793.6387318503
238,B0FFHU91GG,北蔡社区日租公寓,121.55608400000001,31.198090000000004,浦东新区,[],[],住宿服务;宾馆酒店;经济型连锁酒店,31.201539074518063,121.56689903626724,13531561.373704227,3658501.7109956197
239,B0FFJDLMKQ,上海zy辉公寓世纪大道分店,121.561053,31.198628999999997,浦东新区,[],[],住宿服务;宾馆酒店;经济型连锁酒店,31.202069084807633,121.57186280568638,13532114.520253979,3658571.856742823
240,B0G0OATYQO,如家快捷酒店,121.556279,31.210096000000004,浦东新区,[],[],住宿服务;宾馆酒店;经济型连锁酒店,31.213573193608454,121.56708902357558,13531583.081004933,3660064.272936527
241,B0FFK22LM3,昆明怡莱酒店,121.560883,31.220924,浦东新区,[],[],住宿服务;宾馆酒店;经济型连锁酒店,31.224530750507448,121.57165491702769,13532095.595940541,3661473.690178882
242,B0FFG741BI,布丁酒店(上海新村路地铁站同济医院店),121.42526399999998,31.263842999999998,普陀区,[],4.0,住宿服务;宾馆酒店;经济型连锁酒店,31.268355814519072,121.43627304349249,13516998.55791865,3667061.793770957
243,B00156O5OF,99旅馆连锁(上海新村路地铁站店),121.421446,31.261317,普陀区,[],3.4,住宿服务;宾馆酒店;经济型连锁酒店,31.26583338348021,121.43245554205161,13516573.540102802,3666732.8352903486
244,B0G2FU19CN,上海源涞悠悠公寓(9号店),121.561852,31.232027000000002,浦东新区,[],[],住宿服务;宾馆酒店;经济型连锁酒店,31.235837483015434,121.57257247820462,13532203.464527123,3662919.0702157747
245,B0FFH5T81Q,海友酒店(上海联洋崮山路店),121.558122,31.238020000000002,浦东新区,[],4.0,住宿服务;宾馆酒店;经济型连锁酒店,31.241951312371214,121.56881813450016,13531788.242826462,3663699.304943477
246,B0FFK2LQLL,上海鹰虹酒店式公寓(栖山路分店),121.558618,31.261605,浦东新区,[],3.5,住宿服务;宾馆酒店;经济型连锁酒店,31.265800529774335,121.56925005914455,13531843.457293894,3666770.34080068
247,B0FFF00SXD,海友酒店(上海大华三路地铁站店),121.41620800000001,31.272406,宝山区,[],4.5,住宿服务;宾馆酒店;经济型连锁酒店,31.276875681486278,121.42723372318434,13515990.448610028,3668177.010314456
248,B0FFGZ0IW1,如家快捷酒店(高科西路罗山路店),121.570586,31.194871000000003,浦东新区,[],4.1,住宿服务;宾馆酒店;经济型连锁酒店,31.198318115976107,121.58138116585455,13533175.728959711,3658082.796939663
249,B0FFHN03Z0,锦江之星风尚(上海新国际博览中心罗山路店)(暂停营业),121.56626299999999,31.230140999999996,浦东新区,[],4.5,住宿服务;宾馆酒店;经济型连锁酒店,31.233909013616508,121.57698820808105,13532694.494801011,3662673.540207206
250,B0FFJCACML,去呼呼上海2099连锁公寓浦东世纪公园店,121.569356,31.239809,浦东新区,[],[],住宿服务;宾馆酒店;经济型连锁酒店,31.243758703400275,121.58003275905597,13533038.805986034,3663932.226255014
251,B0FFJJ1KOQ,99旅馆连锁上海金山城市沙滩店,121.569356,31.239809,浦东新区,[],[],住宿服务;宾馆酒店;经济型连锁酒店,31.243758703400275,121.58003275905597,13533038.805986034,3663932.226255014
252,B0FFI8AMAZ,海友酒店(上海云山路店),121.57487900000001,31.249498,浦东新区,[],3.9,住宿服务;宾馆酒店;经济型连锁酒店,31.25359206922623,121.5855144748808,13533653.623533687,3665193.7755683176
253,B00155QCTW,莫泰168旅店(上海浦东金桥路国际商业广场店),121.56740400000001,31.266792,浦东新区,[],4.3,住宿服务;宾馆酒店;经济型连锁酒店,31.270967968135313,121.57803014850593,13532821.510340007,3667445.8502637995
254,B0FFI115DW,全季酒店(上海金桥国际商业广场店),121.574797,31.261651,浦东新区,[],4.8,住宿服务;宾馆酒店;经济型连锁酒店,31.26582786218088,121.58541362376484,13533644.495335441,3666776.3312747357
255,B0FFIVORVS,如家酒店・neo(上海沪太路行知路地铁站店),121.423911,31.278512,静安区,[],4.2,住宿服务;宾馆酒店;经济型连锁酒店,31.28290364462616,121.43495481842902,13516847.942647608,3668972.2972045853
256,B0G0CARN1O,如家快捷酒店,121.42399099999999,31.278586999999998,静安区,[],[],住宿服务;宾馆酒店;经济型连锁酒店,31.282977517893322,121.43503508158511,13516856.84820687,3668982.066033788
257,B0GUKUGAH9,怡莱酒店(上海大场镇地铁站店),121.422618,31.297815000000003,静安区,[],3.6,住宿服务;宾馆酒店;经济型连锁酒店,31.301868991646227,121.43375315211738,13516704.00654601,3671486.7897118437
258,B0FFF0022S,汉庭酒店(虹桥中山西路店),121.40685400000001,31.209519,长宁区,[],4.6,住宿服务;宾馆酒店;经济型连锁酒店,31.21331835869344,121.41804187186025,13514949.166093148,3659989.172760559
259,B0FFF6295B,7天酒店(上海延安西路地铁站店),121.415364,31.208472999999998,长宁区,[],4.2,住宿服务;宾馆酒店;经济型连锁酒店,31.212261854511638,121.42655212831724,13515896.494959798,3659853.030455533
260,B0FFF65ZSV,格林豪泰贝壳酒店(漕溪路),121.431486,31.178584000000004,徐汇区,[],4.1,住宿服务;宾馆酒店;经济型连锁酒店,31.182563511200005,121.44261023419196,13517691.187790368,3655963.458583686
261,B0HDPCM2WE,汉庭上海徐家汇体育馆地铁站店,121.42796200000001,31.182160999999997,徐汇区,[],3.9,住宿服务;宾馆酒店;经济型连锁酒店,31.18608414022225,121.43910411494049,13517298.897904811,3656428.8828100516
262,B0FFF908ZU,如家快捷酒店,121.431739,31.187437,徐汇区,[],4.1,住宿服务;宾馆酒店;经济型连锁酒店,31.19128090333188,121.44289976731869,13517719.351621535,3657115.405884092
263,B0FFH9PCFN,上海徐家汇亚朵美影酒店,121.42787,31.187022,徐汇区,[],4.8,住宿服务;宾馆酒店;经济型连锁酒店,31.190874909881465,121.43903126741566,13517288.656511657,3657061.403914598
264,B00155LAPS,浦江精选酒店,121.430076,31.205278999999997,长宁区,[],4.0,住宿服务;宾馆酒店;经济型连锁酒店,31.209039941444463,121.44126326251585,13517534.227308348,3659437.3241694
265,B0FFFGN7UQ,全季酒店(延安路店),121.42614099999999,31.213782000000002,长宁区,[],4.5,住宿服务;宾馆酒店;经济型连锁酒店,31.217613556996845,121.43731458646694,13517096.185112074,3660544.039813839
266,B00156E3XF,如家快捷酒店(上海中山公园长宁店),121.42612700000001,31.215738,长宁区,[],4.2,住宿服务;宾馆酒店;经济型连锁酒店,31.21959383551931,121.43729476846585,13517094.626639204,3660798.638839637
267,B0FFKV38G4,汉庭酒店(江苏路店),121.4283,31.215702,长宁区,[],4.4,住宿服务;宾馆酒店;经济型连锁酒店,31.219555428048633,121.43946699413816,13517336.523892697,3660793.952920417
268,B0FFJODVA6,如家酒店・neo(上海静安镇宁路店),121.43240300000001,31.220685999999997,静安区,[],4.2,住宿服务;宾馆酒店;经济型连锁酒店,31.224609202160558,121.4435499195055,13517793.267763425,3661442.709379938
269,B00156EXAI,全季酒店(上海静安寺康定路店),121.43255,31.232574,静安区,[],4.8,住宿服务;宾馆酒店;经济型连锁酒店,31.236717489001602,121.44364261501738,13517809.631728569,3662990.282646215
270,B00156EERG,汉庭酒店(上海静安寺新店),121.43010100000001,31.227814000000002,静安区,[],4.5,住宿服务;宾馆酒店;经济型连锁酒店,31.231867622153278,121.44121776048232,13517537.010295618,3662370.6051099175
271,B0FFLFM9BC,海友酒店(上海静安寺新店),121.43139099999999,31.233574,静安区,[],4.2,住宿服务;宾馆酒店;经济型连锁酒店,31.237738250395687,121.44247947287813,13517680.61243874,3663120.470970574
272,B0FFFR0RM3,易佰旅店(上海静安寺华山医院店),121.432902,31.238171,静安区,[],4.5,住宿服务;宾馆酒店;经济型连锁酒店,31.242421286475587,121.44396797431916,13517848.816189328,3663718.9644253645
273,B00155KSJC,如家商旅酒店(上海长寿路地铁站店),121.42756499999999,31.239818,普陀区,[],4.7,住宿服务;宾馆酒店;经济型连锁酒店,31.24410368798099,121.43862632336929,13517254.704066966,3663933.398033523
274,B00155N6XU,浦江之星旅店(光新店),121.427015,31.255347999999998,普陀区,[],3.3,住宿服务;宾馆酒店;经济型连锁酒店,31.259836861140336,121.43802750105868,13517193.47834703,3665955.5333080273
275,B00156NU6B,如家・neo(上海长寿路陕西北路店),121.43295900000001,31.24829,普陀区,[],4.3,住宿服务;宾馆酒店;经济型连锁酒店,31.25270274320501,121.44398516504377,13517855.161400305,3665036.4817297286
276,B0FFGDTNPN,上海镇坪智选假日酒店,121.426022,31.249496,普陀区,[],4.7,住宿服务;宾馆酒店;经济型连锁酒店,31.253930478311077,121.43704794196076,13517082.938092671,3665193.5151463887
277,B00155MPRP,99旅馆连锁(上海延长路店),121.432787,31.263447999999997,普陀区,[],4.0,住宿服务;宾馆酒店;经济型连锁酒店,31.267954289085583,121.44379223446536,13517836.014447888,3667010.352731016
278,B00156E4EV,7天酒店(上海宜川路店),121.432938,31.264473,普陀区,[],4.0,住宿服务;宾馆酒店;经济型连锁酒店,31.268977399037578,121.44394378439993,13517852.823690997,3667143.8394194758
279,B00155H7L8,莫泰168旅店(大宁国际商业区沪太路店),121.42564399999999,31.276589,静安区,[],4.1,住宿服务;宾馆酒店;经济型连锁酒店,31.28100541945971,121.43668011987306,13517040.859325152,3668721.827076761
280,B0FFJ0YMQZ,全季酒店(上海大宁灵石公园店),121.43013,31.276509000000004,静安区,[],4.6,住宿服务;宾馆酒店;经济型连锁酒店,31.28092249176877,121.44116386725652,13517540.238560852,3668711.4072132832
281,B0FFI23J3L,吉泰精品连锁酒店(上海汶水路店),121.42653,31.291427000000002,静安区,[],3.8,住宿服务;宾馆酒店;经济型连锁酒店,31.295595511327072,121.4376323039111,13517139.488393996,3670654.604125145
282,B00155L28G,格林豪泰酒店(上海共康路地铁站店),121.43039399999999,31.322851,宝山区,[],4.2,住宿服务;宾馆酒店;经济型连锁酒店,31.32665675363005,121.4415930582167,13517569.62690642,3674748.854997171
283,B0FFKIC2A6,海友酒店(上海徐家汇万体馆店),121.44008000000001,31.181941,徐汇区,[],4.3,住宿服务;宾馆酒店;经济型连锁酒店,31.18585399226717,121.45121276543455,13518647.867494244,3656400.25682596
284,B0FFIL7S57,海友酒店(上海徐家汇店),121.44228799999999,31.193168,徐汇区,[],4.2,住宿服务;宾馆酒店;经济型连锁酒店,31.196939371825966,121.45345638387435,13518893.660929913,3657861.1777775204
285,B00155QJPY,汉庭酒店(南丹东路店),121.43913500000001,31.192428000000003,徐汇区,[],4.5,住宿服务;宾馆酒店;经济型连锁酒店,31.196209951573255,121.45030494312897,13518542.670575444,3657764.879443344
286,B00155LKWT,全季酒店(上海徐家汇店),121.437379,31.196482,徐汇区,[],4.8,住宿服务;宾馆酒店;经济型连锁酒店,31.20023898449731,121.44855839765835,13518347.193549613,3658292.447393112
287,B00155LKQH,如家快捷酒店(上海徐家汇宛平南路店),121.440922,31.197683,徐汇区,[],4.5,住宿服务;宾馆酒店;经济型连锁酒店,31.201430061880572,121.45209961538694,13518741.598505491,3658448.744063547
288,B00156TK9N,海友酒店(上海淮海中路店),121.44171899999999,31.213949,徐汇区,[],4.0,住宿服务;宾馆酒店;经济型连锁酒店,31.21776437586898,121.4528813828619,13518830.320139652,3660565.7768460857
289,B0HDBCFDBT,桔子酒店(上海淮海中路店),121.44513,31.212711,徐汇区,[],4.9,住宿服务;宾馆酒店;经济型连锁酒店,31.216507088924345,121.45629156618911,13519210.03092275,3660404.6373639265
290,B00155R4R5,海友酒店(上海静安寺店),121.437932,31.226912,静安区,[],3.4,住宿服务;宾馆酒店;经济型连锁酒店,31.23093927924482,121.44904771714886,13518408.75322802,3662253.182338319
291,B00156ZWQ4,全季酒店(上海静安寺店),121.43799399999999,31.227259000000004,静安区,[],3.7,住宿服务;宾馆酒店;经济型连锁酒店,31.231292773597392,121.449108044029,13518415.655036448,3662298.3548240187
292,B0FFFA1RNQ,布丁酒店(上海华师大金沙江地铁站店),121.40783700000001,31.230722999999998,普陀区,[],3.5,住宿服务;宾馆酒店;经济型连锁酒店,31.234846177848258,121.41894583980307,13515058.593152598,3662749.3076934046
293,B00156NUXB,汉庭酒店(上海华师大店),121.414429,31.236289000000003,普陀区,[],4.0,住宿服务;宾馆酒店;经济型连锁酒店,31.240518048329648,121.42551003944467,13515792.411235904,3663473.939220457
294,B001558IM5,汉庭酒店(上海静安寺店),121.43735900000001,31.231755,静安区,[],4.1,住宿服务;宾馆酒店;经济型连锁酒店,31.235876655978664,121.44845213215437,13518344.967159797,3662883.6594349146
295,B00155FTI9,格林豪泰酒店(上海静安寺店),121.438496,31.229371,静安区,[],4.6,住宿服务;宾馆酒店;经济型连锁酒店,31.233444667040697,121.44959960442146,13518471.537420826,3662573.2987174876
296,B0FFGFBBOV,布丁酒店(上海玉佛寺长寿路店),121.44491399999998,31.240788000000002,静安区,[],3.7,住宿服务;宾馆酒店;经济型连锁酒店,31.245068867098958,121.4559571185545,13519185.985912737,3664059.690371879
297,B0FFJJ4NXA,上海J&J三房公寓,121.441083,31.255437,普陀区,[],[],住宿服务;宾馆酒店;经济型连锁酒店,31.25991020354324,121.45208561700645,13518759.52094351,3665967.122807399
298,B0FFLAQKZ9,上海露露小姐公寓(江宁路分店),121.436351,31.249004,普陀区,[],[],住宿服务;宾馆酒店;经济型连锁酒店,31.253421722055784,121.44737261415473,13518232.757113075,3665129.4515202674
299,B0FFJZM836,夜色公寓,121.43578400000001,31.256822999999997,普陀区,[],3.5,住宿服务;宾馆酒店;经济型连锁酒店,31.261311708359354,121.44678951248314,13518169.638961798,3666147.607881828
300,B00155R3AQ,布丁严选酒店(上海火车站店),121.442655,31.259092,普陀区,[],4.1,住宿服务;宾馆酒店;经济型连锁酒店,31.26358105242552,121.45365190789057,13518934.515183035,3666443.0830350844
301,B0FFFALTPQ,汉庭酒店(上海大宁音乐广场店),121.438993,31.266819,普陀区,[],4.6,住宿服务;宾馆酒店;经济型连锁酒店,31.27130818003342,121.44999656980384,13518526.86320775,3667449.366604534
302,B0FFFWO3MQ,海有酒店(上海长途汽车客运总站店),121.444461,31.257178000000003,普陀区,[],3.8,住宿服务;宾馆酒店;经济型连锁酒店,31.261656321778315,121.45545735799105,13519135.558183407,3666193.836447692
303,B0HAJ55HF7,布丁酒店(上海长途汽车客运总站店),121.44468799999999,31.261191999999998,静安区,[],[],住宿服务;宾馆酒店;经济型连锁酒店,31.265682385648113,121.45568165166522,13519160.827707818,3666716.556892666
304,B00155KXDO,格林豪泰酒店(上海市中山沪太),121.442136,31.258878999999997,普陀区,[],4.7,住宿服务;宾馆酒店;经济型连锁酒店,31.263368132989413,121.45313364161626,13518876.740367314,3666415.345312259
305,B00155KV15,99旅馆连锁(上海沪太路长途汽车站店),121.44403999999999,31.261989,静安区,[],[],住宿服务;宾馆酒店;经济型连锁酒店,31.266480976024656,121.45503449347805,13519088.692677785,3666820.348325819
306,B00156EQFP,7天酒店(上海大宁国际延长路地铁站店),121.444524,31.271711,静安区,[],4.2,住宿服务;宾馆酒店;经济型连锁酒店,31.276158934489164,121.4555309035284,13519142.571311329,3668086.4920596397
307,B0FFFAINAJ,格林豪泰酒店(上海市延长路地铁站),121.44104399999999,31.268506,静安区,[],4.4,住宿服务;宾馆酒店;经济型连锁酒店,31.27298340751894,121.45204814442185,13518755.179483365,3667669.074778533
308,B0FFI9QHEV,观景美宅公寓(上海灵石路店),121.445108,31.283374,静安区,[],[],住宿服务;宾馆酒店;经济型连锁酒店,31.287665425602693,121.45615644086706,13519207.581893953,3669605.5939117325
309,B0FFG0Z8WZ,海友酒店(上海市北工业园区店),121.43766399999998,31.289821999999997,静安区,[],4.3,住宿服务;宾馆酒店;经济型连锁酒店,31.294008811654663,121.44875151820321,13518378.919604484,3670445.524407235
310,B0FFKY89KF,全季酒店(上海市北高新园区店),121.435818,31.293469,静安区,[],4.8,住宿服务;宾馆酒店;经济型连锁酒店,31.29759005925276,121.44692525051185,13518173.423824482,3670920.615989853
311,B0FFGOI5WZ,速8酒店(上海彭浦新村地铁站店),121.442394,31.309677,静安区,[],4.1,住宿服务;宾馆酒店;经济型连锁酒店,31.313533669962222,121.45356392176356,13518905.460795937,3673032.2407664135
312,B0FFH01B7D,如家快捷酒店(上海万达广场共康路地铁站店),121.43941699999999,31.323905,宝山区,[],4.1,住宿服务;宾馆酒店;经济型连锁酒店,31.327702060148717,121.45060918890239,13518574.062671848,3674886.2049358906
313,B0FFJRT623,海友酒店(上海曹杨路地铁站店),121.4129,31.23947,普陀区,[],4.6,住宿服务;宾馆酒店;经济型连锁酒店,31.24375872596126,121.42396677509524,13515622.203734484,3663888.0893457686
314,B0FFHJCND4,汉庭上海环球港酒店,121.413877,31.245411999999998,普陀区,[],4.6,住宿服务;宾馆酒店;经济型连锁酒店,31.249798966507342,121.4249194182455,13515730.962876987,3664661.7450795206
315,B0FFI6DUTC,汉庭酒店(上海曹杨路地铁站店),121.41316,31.238122999999998,普陀区,[],4.4,住宿服务;宾馆酒店;经济型连锁酒店,31.242387007315358,121.4242327881552,13515651.146802088,3663712.7150502317
316,B0FFJM5NHM,汉庭(上海环球港店)(原上海武宁路店),121.41401499999999,31.245441999999997,普陀区,[],3.5,住宿服务;宾馆酒店;经济型连锁酒店,31.249829356948045,121.42505728346495,13515746.324966718,3664665.651240046
317,B0FFFDOYJK,M・家社区酒店(曹杨路店),121.41301299999999,31.239377,普陀区,[],4.0,住宿服务;宾馆酒店;经济型连锁酒店,31.24366400482554,121.42408016751313,13515634.78283694,3663875.981017824
318,B0FFFTCOPF,海友酒店(上海徐家汇宛平南路店),121.44752199999999,31.184828999999997,徐汇区,[],3.9,住宿服务;宾馆酒店;经济型连锁酒店,31.188686560083415,121.45865735904297,13519476.307144728,3656776.043221416
319,B00155N6XZ,如家快捷酒店(枫林路中国科学院店),121.45298100000001,31.194758,徐汇区,[],4.2,住宿服务;宾馆酒店;经济型连锁酒店,31.198499418206588,121.46413631020634,13520084.000244968,3658068.0916104126
320,B00155N0ZS,汉庭酒店(襄阳路店),121.45369299999999,31.205195,徐汇区,[],4.5,住宿服务;宾馆酒店;经济型连锁酒店,31.20892024545194,121.46485293421506,13520163.25972241,3659426.3915698635
321,B0FFF00F6Z,全季酒店(上海斜土路店),121.451765,31.197833000000003,徐汇区,[],4.5,住宿服务;宾馆酒店;经济型连锁酒店,31.201561319922423,121.46292725315686,13519948.635744162,3658468.2650193702
322,B0FFGE81D2,汉庭酒店(上海嘉善路店),121.455316,31.209595,徐汇区,[],4.4,住宿服务;宾馆酒店;经济型连锁酒店,31.213342769620326,121.46646686345706,13520343.931255968,3659999.0646119528
323,B0FFME8NCW,海友酒店(上海徐家汇永嘉路店),121.454678,31.211583,徐汇区,[],4.4,住宿服务;宾馆酒店;经济型连锁酒店,31.21534971864928,121.46582610688179,13520272.909420842,3660257.817443189
324,B0FFKIT7VK,欢迎来到Aries的家复式,121.44931000000001,31.211634999999998,徐汇区,[],[],住宿服务;宾馆酒店;经济型连锁酒店,31.21541275381375,121.46046797371915,13519675.346394267,3660264.5856988975
325,B0FFJ1TY87,Dream home公寓,121.45478100000001,31.21323,徐汇区,[],[],住宿服务;宾馆酒店;经济型连锁酒店,31.217013716373554,121.46592481791593,13520284.375328397,3660472.1907349103
326,B0G3A7HVK6,闲屋公寓嘉善路店,121.45509799999999,31.210756,徐汇区,[],[],住宿服务;宾馆酒店;经济型连锁酒店,31.214514083205565,121.4662470420884,13520319.663606975,3660150.1766459043
327,B0FFHRIJWV,独门老洋房公寓,121.449523,31.209366999999997,徐汇区,[],3.5,住宿服务;宾馆酒店;经济型连锁酒店,31.213124427931806,121.46068526171823,13519699.057445804,3659969.3890816146
328,B0FFIVBIR5,薇薇安的家老洋房公寓,121.44661799999999,31.21448,徐汇区,[],[],住宿服务;宾馆酒店;经济型连锁酒店,31.218293849122404,121.457772674886,13519375.674325047,3660634.893054023
329,B0FFGDFA6G,上海瑞金宾馆・太原别墅-商务中心,121.450326,31.208299,徐汇区,[],[],住宿服务;宾馆酒店;经济型连锁酒店,31.212047176694888,121.4614886675114,13519788.44699691,3659830.383602489
330,B0FFG3ASWM,汉庭酒店(恒隆广场店),121.451481,31.234966999999997,静安区,[],4.3,住宿服务;宾馆酒店;经济型连锁酒店,31.239128132929814,121.46254046942494,13519917.021008778,3663301.825603049
331,B00155L9B7,7天酒店(上海火车站店),121.449395,31.256519,静安区,[],4.0,住宿服务;宾馆酒店;经济型连锁酒店,31.260985302329413,121.46038490945357,13519684.808550984,3666108.020741082
332,B00157I7XH,全季酒店(上海火车站天目西路店),121.447296,31.246783,静安区,[],4.6,住宿服务;宾馆酒店;经济型连锁酒店,31.25115500557624,121.45831250517163,13519451.148939809,3664840.257882849
333,B0FFFLJW2A,如家快捷酒店(上海火车站北广场普善路店),121.451094,31.258829,静安区,[],4.4,住宿服务;宾馆酒店;经济型连锁酒店,31.26330275288029,121.46207870480353,13519873.94036584,3666408.8341187914
334,B00156YNQU,吉泰酒店(上海火车站北广场店),121.447026,31.257198,静安区,[],3.9,住宿服务;宾馆酒店;经济型连锁酒店,31.26167216248521,121.45801880162965,13519421.092677293,3666196.440879107
335,B0FFJJ6SZQ,钟之小屋公寓礼泉路分店,121.40736899999999,31.255638,普陀区,[],[],住宿服务;宾馆酒店;经济型连锁酒店,31.260138986274434,121.41838575397246,13515006.495630903,3665993.2968855104
336,B0FFH53LEN,申树公寓,121.408961,31.251421,普陀区,[],[],住宿服务;宾馆酒店;经济型连锁酒店,31.255885991226563,121.41998582152087,13515183.716260247,3665444.1738023176
337,B00155QTUO,如家快捷酒店(上海大宁国际广中路马戏城店),121.452206,31.281961,静安区,[],4.3,住宿服务;宾馆酒店;经济型连锁酒店,31.286263306622317,121.46323672863961,13519997.727639604,3669421.54113285
338,B0FFI9NBJJ,上海揽翠苑轰趴别墅,121.452506,31.290412,静安区,[],3.0,住宿服务;宾馆酒店;经济型连锁酒店,31.294564214611693,121.4635762822569,13520031.12348684,3670522.3819583138
339,B0FFI65IC3,易佰良品酒店(上海共康路地铁站宝山万达广场店),121.45098300000001,31.322855,宝山区,[],3.9,住宿服务;宾馆酒店;经济型连锁酒店,31.326631123794833,121.46215987507159,13519861.583902365,3674749.3762464025
340,B0FFFHC1DE,贝壳酒店(上海宝山一二八纪念路通河路店),121.446917,31.325955,宝山区,[],3.9,住宿服务;宾馆酒店;经济型连锁酒店,31.32974751191103,121.45809871554671,13519408.958852798,3675153.3510612254
341,B0FFME01C5,贝壳酒店(通河路店),121.446917,31.325946000000002,宝山区,[],[],住宿服务;宾馆酒店;经济型连锁酒店,31.32973847194183,121.45809872419917,13519408.958852798,3675152.178211866
342,B001571A7X,海友酒店(上海大木桥地铁站店),121.460093,31.196271000000003,徐汇区,[],4.4,住宿服务;宾馆酒店;经济型连锁酒店,31.19998850304848,121.47123487340644,13520875.70446349,3658264.988316185
343,B0FFIV61MQ,汉庭酒店(上海小木桥路店),121.456898,31.192631,徐汇区,[],4.2,住宿服务;宾馆酒店;经济型连锁酒店,31.196380238191384,121.46804048985025,13520520.038690403,3657791.29634385
344,B00155IORS,7天酒店(上海大木桥地铁站店),121.461615,31.199632,徐汇区,[],4.3,住宿服务;宾馆酒店;经济型连锁酒店,31.203334375393393,121.4727565786881,13521045.132728476,3658702.3887609886
345,B0FFFAP2SV,桔子酒店(上海瑞金南路酒店),121.45919199999999,31.201857,徐汇区,[],4.7,住宿服务;宾馆酒店;经济型连锁酒店,31.20556345215937,121.47034070723501,13520775.405602284,3658991.9587463466
346,B0FFGW8IU7,如家精选酒店(上海淮海路思南路店),121.46165,31.220976,黄浦区,[],4.4,住宿服务;宾馆酒店;经济型连锁酒店,31.224852812855964,121.4727511665923,13521049.028910656,3661480.4591033193
347,B0FFIBOJ2I,海友酒店(上海人民广场南京西路店),121.46327099999999,31.231363,黄浦区,[],4.2,住宿服务;宾馆酒店;经济型连锁酒店,31.235427733520808,121.47432053080227,13521229.47780523,3662832.626430041
348,B00156NX6B,如家快捷酒店(上海南京路步行街黄河路店),121.46474599999999,31.239767999999998,黄浦区,[],4.3,住宿服务;宾馆酒店;经济型连锁酒店,31.243989125376338,121.47575181879732,13521393.674054148,3663926.888154325
349,B0FFHUACC9,布丁酒店(上海火车站北广场店),121.459724,31.252353999999997,静安区,[],3.8,住宿服务;宾馆酒店;经济型连锁酒店,31.256766957563528,121.47069984720547,13520834.627571387,3665565.663706504
350,B00155MQ9U,汉庭酒店(上海西藏北路地铁站店),121.461044,31.265978999999998,静安区,[],4.4,住宿服务;宾馆酒店;经济型连锁酒店,31.270431078719287,121.47200825108665,13520981.569299234,3667339.9698085273
351,B001570D54,桔子酒店(西藏北路地铁站店),121.463494,31.266021000000002,静安区,[],4.7,住宿服务;宾馆酒店;经济型连锁酒店,31.270467092704013,121.47445156322361,13521254.302051676,3667345.439625197
352,B0FFFGW149,海友酒店(上海共和新路大宁店),121.456127,31.267452000000002,静安区,[],4.1,住宿服务;宾馆酒店;经济型连锁酒店,31.271908594905835,121.46710512771797,13520434.211363003,3667531.8055478474
353,B0FFGBQX5S,99旅馆连锁(上海柳营路店),121.46076000000001,31.270695,静安区,[],5.0,住宿服务;宾馆酒店;经济型连锁酒店,31.275120019465508,121.47173304469408,13520949.954563849,3667954.1672928524
354,B0FFG7VATK,汉庭酒店(上海大宁国际广中路店),121.464095,31.28205,虹口区,[],4.4,住宿服务;宾馆酒店;经济型连锁酒店,31.286325026263853,121.47509757711912,13521321.205065645,3669433.1339016585
355,B00156DW32,汉庭酒店(上海大宁国际广粤路店),121.460376,31.288776000000002,虹口区,[],4.7,住宿服务;宾馆酒店;经济型连锁酒店,31.292942056278825,121.47142042066186,13520907.207879385,3670309.2662701714
356,B0FFLOL7P6,普陀绿洲清新公寓分店,121.46080800000001,31.297017999999998,虹口区,[],3.5,住宿服务;宾馆酒店;经济型连锁酒店,31.301030495956173,121.47189216242401,13520955.297899408,3671382.958843854
357,B0G1ZP4Y33,全季酒店(上海殷高西路店),121.464302,31.322385999999998,宝山区,[],4.5,住宿服务;宾馆酒店;经济型连锁酒店,31.326132361336168,121.47544764477603,13521344.24820024,3674688.2599247885
358,B0FFG1047D,如家快捷酒店(上海大华新村路地铁站店),121.409701,31.268924,普陀区,[],4.3,住宿服务;宾馆酒店;经济型连锁酒店,31.273424219377787,121.42072001130079,13515266.092683434,3667723.5140441973
359,B0FFKZS6DT,全季酒店(上海大华虎城店),121.40760800000001,31.274176,宝山区,[],4.6,住宿服务;宾馆酒店;经济型连锁酒店,31.278630188626988,121.41864036964179,13515033.100989206,3668407.541831394
360,B0FFKQZXLC,幸福之家公寓,121.41458600000001,31.267570000000003,宝山区,[],[],住宿服务;宾馆酒店;经济型连锁酒店,31.272076514081686,121.42560181051154,13515809.888395961,3667547.1733741057
361,B0FFFQ6CB0,如家快捷酒店(上海打浦桥店),121.46756699999999,31.200909999999997,黄浦区,[],4.1,住宿服务;宾馆酒店;经济型连锁酒店,31.204596067034775,121.47869170811495,13521707.706337677,3658868.71172236
362,B0FFKKNPW5,全季酒店(上海打浦桥鲁班路店),121.47066000000001,31.202351,黄浦区,[],4.8,住宿服务;宾馆酒店;经济型连锁酒店,31.206029056615584,121.48177467278167,13522052.017522704,3659056.250714203
363,B0FFFCMFVL,吉泰精品酒店(上海打浦路店),121.46615800000001,31.204689000000002,黄浦区,[],3.8,住宿服务;宾馆酒店;经济型连锁酒店,31.20838380114521,121.47728662974893,13521550.85717515,3659360.5358780217
364,B00156QO3H,白玉兰酒店,121.47336399999999,31.205491,黄浦区,[],4.7,住宿服务;宾馆酒店;经济型连锁酒店,31.2091692237252,121.48446776520497,13522353.025425805,3659464.9160114164
365,B0FFHGF9FI,汉庭酒店(上海田子坊店),121.46789199999999,31.205129,黄浦区,[],4.2,住宿服务;宾馆酒店;经济型连锁酒店,31.208820809326763,121.479014873369,13521743.885172185,3659417.8016770342
366,B00155M0EA,汉庭优佳(上海打浦桥日月光中心店),121.46678100000001,31.204772,黄浦区,[],4.4,住宿服务;宾馆酒店;经济型连锁酒店,31.208465467103398,121.47790764461138,13521620.209217917,3659371.3382697203
367,B00155H7MH,如家快捷酒店(上海徐家汇路蒙自路店)(装修中),121.47478999999998,31.205061999999998,黄浦区,[],4.3,住宿服务;宾馆酒店;经济型连锁酒店,31.20873452462038,121.48588880783258,13522511.767019678,3659409.0816404475
368,B0FFK2555F,上海(Agel house)市中心2房紧邻田子坊新天地,121.474673,31.204728000000003,黄浦区,[],[],住宿服务;宾馆酒店;经济型连锁酒店,31.208399722468425,121.48577246820318,13522498.742639255,3659365.6116994494
369,B0FFFCVTMC,吉泰精品酒店(徐家汇路店),121.466022,31.208343,黄浦区,[],3.9,住宿服务;宾馆酒店;经济型连锁酒店,31.212056467221515,121.47714712042807,13521535.717724403,3659836.1103889775
370,B00155QDLS,全季酒店(上海新天地店),121.46871499999999,31.211453999999996,黄浦区,[],4.7,住宿服务;宾馆酒店;经济型连锁酒店,31.215185918556408,121.4798256741058,13521835.501113107,3660241.026978741
371,B0FFFW9Y4E,海友酒店(上海人民广场地铁站店),121.47351200000001,31.231582,黄浦区,[],4.0,住宿服务;宾馆酒店;经济型连锁酒店,31.23562348650028,121.48452721577023,13522369.500710445,3662861.137189824
372,B0FFH22VMR,汉庭酒店(上海人民广场大沽路店),121.465833,31.228262,黄浦区,[],4.3,住宿服务;宾馆酒店;经济型连锁酒店,31.232260028284955,121.47688986437187,13521514.678340642,3662428.9263709094
373,B0FFF6ZQZ5,海友酒店(上海南京东路中心店),121.473423,31.239319000000002,黄浦区,[],2.8,住宿服务;宾馆酒店;经济型连锁酒店,31.24350850485335,121.48440211957842,13522359.593275765,3663868.429593524
374,B0FFGX74ON,全季酒店(上海外滩南京东路步行街店),121.472451,31.237408000000002,黄浦区,[],4.8,住宿服务;宾馆酒店;经济型连锁酒店,31.241564989252023,121.48344231899429,13522251.390730713,3663619.6257757354
375,B00156EO5W,99旅馆连锁(上海宝山路地铁站店),121.47024499999999,31.255553000000003,静安区,[],4.3,住宿服务;宾馆酒店;经济型连锁酒店,31.259965526388243,121.48118349385034,13522005.819934022,3665982.228238716
376,B0FFFR9X7E,格林联盟酒店(上海火车站北虬江路店),121.46857800000001,31.253883000000002,静安区,[],4.4,住宿服务;宾馆酒店;经济型连锁酒店,31.258287552308175,121.47952494979015,13521820.25034287,3665764.763905401
377,B0FFFRVERT,汉庭酒店(上海四川北路地铁站店),121.475233,31.251332,静安区,[],4.2,住宿服务;宾馆酒店;经济型连锁酒店,31.25569403797034,121.48616206677131,13522561.0815541,3665432.5847959407
378,B0FFHX718M,如家精选酒店(上海外滩四川北路地铁站店),121.475264,31.251321,静安区,[],4.6,住宿服务;宾馆酒店;经济型连锁酒店,31.255682832178888,121.48619297698677,13522564.532458313,3665431.1524475953
379,B0FFGDZBGP,弗思特酒店(宝山路地铁站店),121.469082,31.253937,静安区,[],4.5,住宿服务;宾馆酒店;经济型连锁酒店,31.25834064699985,121.48002718448353,13521876.35536623,3665771.795626054
380,B0FFJP3O3T,如家商旅酒店(上海四川北路宝山路地铁站店),121.474425,31.251981,静安区,[],4.7,住宿服务;宾馆酒店;经济型连锁酒店,31.256352014311513,121.48535552222282,13522471.135405539,3665517.0936436383
381,B0FFJXRLWP,格林豪泰快捷酒店(上海静安七浦路天潼路地铁站店),121.47497299999999,31.247991,静安区,[],4.2,住宿服务;宾馆酒店;经济型连锁酒店,31.252314127439586,121.48591259088703,13522532.138486492,3664997.5492111524
382,B00155EWV7,布丁酒店(上海北外滩东宝兴路地铁站店),121.47510700000001,31.260824,静安区,[],3.7,住宿服务;宾馆酒店;经济型连锁酒店,31.265244700058865,121.48602340315257,13522547.05529826,3666668.6334150475
383,B00155MWFO,吉泰酒店(上海虹口足球场店),121.47484299999999,31.267287,虹口区,[],4.0,住宿服务;宾馆酒店;经济型连锁酒店,31.271697604460527,121.48576444443071,13522517.66695269,3667510.316670469
384,B00155M0LU,汉庭上海虹口足球场地铁站酒店,121.474415,31.273495,虹口区,[],4.2,住宿服务;宾馆酒店;经济型连锁酒店,31.277858856494664,121.48535159162475,13522470.02221063,3668318.8452951205
385,B0FFJHAXX3,桔子酒店(上海虹口足球场店),121.47383500000001,31.271631,虹口区,[],4.7,住宿服务;宾馆酒店;经济型连锁酒店,31.276014508257752,121.48476875350978,13522405.456905972,3668076.072734979
386,B00155KDCX,汉庭酒店(上海虹口足球场二店),121.46983999999999,31.276989,虹口区,[],3.5,住宿服务;宾馆酒店;经济型连锁酒店,31.281324082703957,121.48080423855848,13521960.73554025,3668773.926526704
